accuracy,acc_std,recall_p,r_p_std,precision_p,p_p_std,f1_p,f1_p_std,recall_n,r_n_std,precision_n,p_n_std,f1_n,f1_n_std,tp,tn,fp,fn,c1,c2,gamma
76.31,4.54,64.87,9.06,66.75,1.78,65.46,4.51,82.84,2.68,80.98,6.66,81.81,4.29,171,415,85,97,0.0625,0.0625,0.03125
76.05,4.75,64.19,9.07,66.50,1.91,65.00,4.60,82.84,2.70,80.65,6.80,81.64,4.46,169,415,85,99,0.0625,0.0625,0.0625
75.14,5.06,68.34,8.00,63.91,3.11,65.71,3.32,78.85,6.15,81.75,6.43,80.16,5.49,181,396,104,87,0.0625,0.0625,0.125
75.66,4.50,56.33,6.05,68.64,0.75,61.69,3.63,86.26,2.10,78.30,5.97,82.01,4.05,149,432,68,119,0.0625,0.0625,0.25
77.87,3.86,56.56,8.24,74.93,5.58,63.85,3.88,89.77,3.15,79.04,5.93,83.93,3.50,149,449,51,119,0.0625,0.0625,0.5
76.83,3.19,55.76,4.17,71.86,5.72,62.50,2.31,88.39,2.25,78.58,5.14,83.11,3.10,148,442,58,120,0.0625,0.0625,1
72.54,3.54,47.44,4.62,64.13,5.21,54.40,4.29,85.91,2.25,75.20,4.81,80.14,3.37,127,430,70,141,0.0625,0.0625,2
69.54,5.70,44.41,9.31,57.98,6.89,49.89,8.20,83.35,2.15,73.55,7.01,77.99,4.55,117,417,83,151,0.0625,0.0625,4
75.92,4.47,66.60,7.46,65.47,2.89,65.77,3.48,81.21,3.62,81.39,6.32,81.23,4.54,176,407,93,92,0.0625,0.125,0.03125
75.79,4.47,65.55,7.85,65.54,3.09,65.26,3.77,81.64,3.23,81.01,6.45,81.25,4.43,173,409,91,95,0.0625,0.125,0.0625
75.01,5.20,69.94,7.69,63.28,3.30,66.13,3.11,77.86,6.25,82.20,6.67,79.87,5.76,185,391,109,83,0.0625,0.125,0.125
76.05,5.06,64.96,7.99,66.71,5.18,65.38,3.56,82.43,4.99,80.83,6.87,81.51,5.09,171,413,87,97,0.0625,0.125,0.25
76.83,3.78,65.31,7.23,67.85,3.68,66.13,2.43,83.22,4.59,81.32,5.69,82.15,4.16,173,417,83,95,0.0625,0.125,0.5
75.92,3.41,62.54,4.64,66.73,5.45,64.26,2.47,83.34,3.25,80.24,5.40,81.68,3.61,166,417,83,102,0.0625,0.125,1
72.14,2.35,50.81,3.40,62.56,6.86,55.70,2.40,83.89,2.14,75.91,4.98,79.58,2.44,135,419,81,133,0.0625,0.125,2
71.23,4.80,53.42,6.18,59.82,7.08,56.18,5.55,80.92,3.52,76.22,6.21,78.40,4.41,142,405,95,126,0.0625,0.125,4
76.05,3.99,69.74,7.86,64.73,1.29,66.89,3.05,79.85,2.06,82.50,6.29,81.09,3.95,184,400,100,84,0.0625,0.25,0.03125
75.92,4.00,67.79,4.90,64.93,1.35,66.24,2.30,80.36,3.23,81.82,5.36,81.06,4.19,180,403,97,88,0.0625,0.25,0.0625
75.79,4.29,73.34,6.80,63.37,0.94,67.83,2.81,77.04,5.24,83.87,5.59,80.25,4.92,195,387,113,73,0.0625,0.25,0.125
74.36,3.74,73.70,7.73,61.16,1.82,66.56,2.05,74.97,4.20,83.55,6.17,78.95,4.41,195,376,124,73,0.0625,0.25,0.25
74.22,3.29,71.29,5.74,61.72,6.10,65.67,1.60,76.13,5.50,82.70,5.55,79.13,4.15,189,381,119,79,0.0625,0.25,0.5
73.58,3.77,66.54,6.17,61.57,5.22,63.53,2.19,77.72,4.47,80.76,6.15,79.09,4.22,176,389,111,92,0.0625,0.25,1
71.62,1.54,56.46,3.89,60.14,7.82,57.75,3.60,79.89,4.06,77.31,4.13,78.44,2.23,151,399,101,117,0.0625,0.25,2
71.36,4.38,61.42,6.93,59.30,7.06,59.70,3.09,77.17,5.59,78.44,6.66,77.61,4.59,162,386,114,106,0.0625,0.25,4
75.40,3.49,76.12,6.12,62.23,3.25,68.21,1.34,75.18,4.84,84.86,5.43,79.65,4.42,202,377,123,66,0.0625,0.5,0.03125
75.14,3.72,75.11,7.13,62.11,3.26,67.67,1.90,75.38,4.99,84.36,5.89,79.52,4.56,199,378,122,69,0.0625,0.5,0.0625
73.84,4.55,83.10,4.64,59.03,1.51,68.94,1.46,68.45,7.83,87.83,4.57,76.78,6.26,222,345,155,46,0.0625,0.5,0.125
72.53,2.88,84.39,4.57,57.12,4.10,67.94,2.78,66.18,4.75,88.27,4.76,75.58,4.39,225,332,168,43,0.0625,0.5,0.25
73.45,2.88,82.78,6.39,58.46,4.90,68.21,3.25,68.71,4.06,87.63,5.42,76.93,3.75,220,344,156,48,0.0625,0.5,0.5
72.27,3.44,71.32,3.21,58.25,6.27,63.96,4.51,72.67,4.48,82.31,4.69,77.14,4.16,191,364,136,77,0.0625,0.5,1
70.71,2.43,65.38,6.76,57.03,4.60,60.51,2.86,74.03,0.89,79.63,6.14,76.60,2.67,173,370,130,95,0.0625,0.5,2
69.79,3.46,64.60,6.74,55.94,5.87,59.53,3.88,73.03,3.12,79.03,6.40,75.77,3.54,171,365,135,97,0.0625,0.5,4
73.05,3.19,81.94,4.39,58.03,3.87,67.76,2.32,68.38,4.39,86.94,5.18,76.52,4.50,218,343,157,50,0.0625,1,0.03125
72.53,3.83,81.27,4.81,57.57,3.81,67.21,2.39,67.94,5.24,86.37,5.75,76.01,5.25,216,341,159,52,0.0625,1,0.0625
69.27,2.13,89.15,5.89,53.36,3.37,66.60,2.85,58.22,6.56,91.21,4.69,70.76,4.77,239,293,207,29,0.0625,1,0.125
67.84,3.02,91.80,4.42,52.26,6.37,66.21,4.91,55.31,4.41,92.44,3.86,69.02,2.79,245,276,224,23,0.0625,1,0.25
68.49,1.35,85.84,7.08,53.09,5.16,65.13,2.81,59.62,4.58,88.33,5.58,70.95,2.76,228,298,202,40,0.0625,1,0.5
69.66,3.76,77.20,6.25,54.67,6.21,63.64,4.79,66.04,3.37,83.96,6.61,73.82,3.86,205,330,170,63,0.0625,1,1
69.28,2.54,71.69,5.72,54.41,5.05,61.59,3.74,68.12,2.94,81.50,5.52,74.14,3.29,191,341,159,77,0.0625,1,2
68.61,2.86,73.29,6.02,53.87,6.89,61.60,4.63,66.54,4.57,82.11,5.45,73.28,2.92,195,332,168,73,0.0625,1,4
68.10,1.41,89.10,4.56,52.37,5.58,65.68,4.37,57.01,2.03,90.56,4.48,69.87,1.22,238,285,215,30,0.0625,2,0.03125
67.71,1.06,88.38,4.43,52.02,5.09,65.24,3.94,56.74,2.19,89.86,4.46,69.49,1.94,236,284,216,32,0.0625,2,0.0625
62.88,4.04,95.22,3.36,48.31,5.19,63.86,4.36,45.36,7.86,94.81,2.86,60.88,7.21,255,228,272,13,0.0625,2,0.125
61.97,5.45,93.11,4.78,47.88,7.36,62.76,6.63,45.73,5.97,92.86,4.14,60.87,4.65,249,227,273,19,0.0625,2,0.25
63.53,4.52,88.59,6.19,49.08,6.97,62.58,5.39,50.68,7.12,89.33,4.93,64.13,4.74,236,252,248,32,0.0625,2,0.5
66.53,3.06,81.76,1.88,51.24,6.87,62.69,5.58,58.50,3.57,85.56,3.19,69.39,2.64,219,292,208,49,0.0625,2,1
67.57,3.85,72.25,8.33,53.53,8.22,60.49,4.45,66.05,7.94,81.56,5.88,72.38,3.73,191,328,172,77,0.0625,2,2
68.62,1.37,73.26,3.63,53.52,5.55,61.60,3.83,66.14,3.20,82.03,4.23,73.15,2.68,196,331,169,72,0.0625,2,4
61.45,4.03,94.24,3.79,47.37,6.57,62.68,5.82,44.17,4.02,93.57,3.95,59.79,3.08,252,220,280,16,0.0625,4,0.03125
60.53,5.71,93.89,4.41,46.94,7.39,62.11,6.68,43.15,6.15,93.24,4.31,58.56,5.20,251,214,286,17,0.0625,4,0.0625
55.59,7.06,96.97,2.22,43.93,5.42,60.24,5.00,32.98,12.62,95.24,2.26,47.58,14.64,260,167,333,8,0.0625,4,0.125
58.19,5.80,94.70,4.67,45.48,6.98,60.97,6.31,39.09,7.13,93.73,4.67,54.56,6.35,253,194,306,15,0.0625,4,0.25
61.31,5.68,85.96,5.35,47.51,7.51,60.56,6.04,48.80,7.99,86.66,4.70,61.82,5.95,229,242,258,39,0.0625,4,0.5
63.67,1.91,79.87,4.85,48.43,6.43,60.10,6.01,54.75,2.36,83.81,3.15,66.17,1.63,215,274,226,53,0.0625,4,1
68.49,1.44,75.85,6.14,53.07,4.39,62.25,3.92,64.44,2.81,83.23,4.64,72.56,2.66,203,323,177,65,0.0625,4,2
68.48,3.16,73.29,6.46,53.88,7.26,61.50,4.80,66.37,5.69,82.09,5.20,73.12,3.28,195,331,169,73,0.0625,4,4
55.32,4.40,96.66,1.98,43.61,5.86,59.84,5.70,33.16,5.48,95.02,2.64,48.85,6.17,259,166,334,9,0.0625,8,0.03125
56.36,6.32,95.59,1.75,44.36,7.32,60.21,6.96,35.69,6.24,93.75,2.19,51.36,6.39,256,177,323,12,0.0625,8,0.0625
51.17,6.73,97.64,2.72,41.50,3.86,58.11,3.71,25.41,14.21,95.83,4.38,38.08,17.36,262,131,369,6,0.0625,8,0.125
55.71,8.13,93.77,2.83,44.10,8.01,59.49,7.81,35.95,7.67,91.66,3.35,51.05,8.55,251,177,323,17,0.0625,8,0.25
59.23,4.58,85.63,1.92,45.53,7.14,59.15,6.68,45.13,4.55,85.50,1.83,58.94,3.83,230,225,275,38,0.0625,8,0.5
63.80,2.75,80.01,1.70,48.76,5.40,60.36,4.29,55.07,4.70,83.32,4.58,66.24,4.47,214,276,224,54,0.0625,8,1
64.45,2.36,77.78,4.78,49.15,6.67,59.98,5.91,57.25,2.03,83.01,3.24,67.68,0.50,209,286,214,59,0.0625,8,2
67.71,2.81,73.23,4.69,52.82,6.82,60.93,4.67,64.80,6.14,81.81,3.83,72.09,3.78,196,324,176,72,0.0625,8,4
54.01,9.45,94.96,3.06,43.44,8.58,59.00,8.10,32.82,11.37,92.76,2.87,47.16,12.64,254,161,339,14,0.0625,16,0.03125
56.10,6.68,95.96,3.33,44.23,6.88,60.18,6.45,34.90,9.34,94.42,3.54,50.09,10.77,257,174,326,11,0.0625,16,0.0625
48.69,5.53,97.49,2.42,40.23,4.98,56.78,5.18,21.86,11.59,95.99,3.36,34.05,14.66,262,112,388,6,0.0625,16,0.125
54.55,3.98,88.95,2.50,42.65,6.07,57.42,5.98,35.93,5.32,86.05,1.89,50.47,5.07,239,180,320,29,0.0625,16,0.25
56.50,5.16,85.27,3.32,43.81,6.97,57.50,6.30,41.42,5.03,83.73,4.73,55.22,4.73,228,206,294,40,0.0625,16,0.5
60.26,8.17,81.07,4.48,46.45,9.82,58.66,9.29,49.02,9.92,82.83,3.67,61.20,8.73,219,244,256,49,0.0625,16,1
68.23,2.34,73.38,6.44,53.46,7.30,61.29,4.63,65.34,7.40,82.24,3.46,72.51,3.93,197,327,173,71,0.0625,16,2
67.71,2.68,74.34,2.10,52.53,5.13,61.36,3.45,63.99,5.34,82.00,4.22,71.80,4.52,199,321,179,69,0.0625,16,4
76.18,3.77,62.22,8.28,67.67,5.34,64.26,3.81,84.21,2.92,80.24,6.41,82.02,3.55,164,421,79,104,0.125,0.0625,0.03125
75.92,4.16,61.05,7.96,67.59,5.58,63.62,3.99,84.37,3.31,79.79,6.47,81.87,3.92,161,422,78,107,0.125,0.0625,0.0625
77.09,4.13,60.82,8.77,70.24,3.36,64.69,4.20,86.36,2.03,80.03,6.52,82.94,3.70,160,432,68,108,0.125,0.0625,0.125
75.92,4.34,47.91,7.72,74.44,2.36,57.80,5.38,91.15,2.38,76.42,5.77,83.00,3.57,127,456,44,141,0.125,0.0625,0.25
76.57,4.14,47.71,4.70,76.92,5.39,58.63,3.15,92.38,1.91,76.44,5.56,83.56,3.55,126,462,38,142,0.125,0.0625,0.5
76.70,3.59,49.54,3.20,75.45,4.82,59.64,2.25,91.32,2.42,76.94,4.88,83.45,3.41,132,457,43,136,0.125,0.0625,1
74.75,3.78,46.77,3.86,71.82,7.16,56.27,1.53,89.96,3.19,75.68,5.24,82.10,3.51,124,450,50,144,0.125,0.0625,2
69.40,4.98,40.51,10.50,58.72,9.65,47.20,9.41,85.37,2.80,72.83,6.46,78.39,3.52,107,426,74,161,0.125,0.0625,4
75.14,4.53,63.56,9.58,65.22,4.40,63.80,4.07,81.92,3.77,80.25,7.17,80.92,4.42,167,410,90,101,0.125,0.125,0.03125
75.40,4.46,63.19,9.41,65.80,3.99,63.92,3.95,82.52,3.40,80.20,7.07,81.20,4.31,166,413,87,102,0.125,0.125,0.0625
76.18,5.45,62.53,9.79,67.78,3.96,64.57,4.99,84.03,4.02,80.12,7.38,81.91,5.07,164,421,79,104,0.125,0.125,0.125
77.09,4.11,54.40,6.89,73.77,4.14,62.22,3.64,89.81,1.50,78.23,6.11,83.49,3.51,143,449,51,125,0.125,0.125,0.25
77.87,3.45,56.15,8.11,74.85,4.51,63.63,3.74,90.01,1.99,78.95,5.77,83.99,3.06,148,450,50,120,0.125,0.125,0.5
77.61,3.44,55.43,5.14,74.50,5.20,63.20,2.06,89.74,3.01,78.68,5.21,83.76,3.38,147,449,51,121,0.125,0.125,1
72.66,4.60,48.26,6.99,64.83,7.09,54.87,5.44,86.25,2.42,75.42,6.36,80.32,3.82,127,431,69,141,0.125,0.125,2
70.97,5.68,51.41,10.72,59.44,8.43,54.64,8.89,81.87,2.46,75.82,7.20,78.56,4.37,136,409,91,132,0.125,0.125,4
75.27,3.05,66.35,7.61,64.42,4.34,64.89,2.19,80.61,2.30,81.27,6.24,80.80,3.16,175,403,97,93,0.125,0.25,0.03125
76.05,4.21,65.47,6.53,66.03,2.00,65.53,2.86,82.04,2.65,81.06,6.08,81.49,4.14,173,411,89,95,0.125,0.25,0.0625
76.45,5.08,63.13,8.48,68.12,4.44,65.11,3.98,84.03,4.49,80.36,6.83,82.05,4.93,166,421,79,102,0.125,0.25,0.125
76.44,4.34,64.74,6.42,67.27,4.12,65.67,2.50,83.05,4.00,80.92,6.15,81.89,4.45,171,416,84,97,0.125,0.25,0.25
77.22,3.92,63.58,7.35,69.35,3.07,65.95,2.66,84.85,3.69,80.83,5.88,82.70,4.01,168,425,75,100,0.125,0.25,0.5
75.40,3.50,60.34,5.78,66.36,5.78,62.88,3.64,83.78,2.71,79.44,5.49,81.46,3.42,160,419,81,108,0.125,0.25,1
70.97,2.20,51.99,4.33,59.66,8.64,55.19,4.89,81.01,4.42,75.90,3.89,78.27,2.85,140,405,95,128,0.125,0.25,2
70.05,3.83,57.56,8.05,56.98,7.39,56.82,5.97,77.05,3.09,77.09,6.04,76.92,3.33,153,385,115,115,0.125,0.25,4
75.53,4.07,74.11,7.35,62.90,2.87,67.76,2.29,76.58,4.50,83.99,6.29,80.04,4.72,196,384,116,72,0.125,0.5,0.03125
75.66,4.22,73.39,7.82,63.31,2.59,67.67,2.49,77.16,4.76,83.73,6.39,80.23,4.84,194,387,113,74,0.125,0.5,0.0625
75.92,4.85,73.08,7.97,63.86,2.51,67.89,3.17,77.72,5.11,83.60,6.65,80.48,5.32,193,390,110,75,0.125,0.5,0.125
74.62,3.68,73.73,4.54,61.46,2.61,66.87,0.78,75.13,4.76,83.65,5.24,79.11,4.60,196,377,123,72,0.125,0.5,0.25
74.75,3.12,70.86,5.62,62.42,4.95,65.98,1.43,77.10,4.54,82.70,5.53,79.69,3.90,188,386,114,80,0.125,0.5,0.5
72.93,3.89,63.23,3.06,60.75,4.93,61.83,3.05,77.99,4.56,79.54,5.01,78.72,4.42,169,391,109,99,0.125,0.5,1
73.05,3.00,60.22,3.45,61.79,5.69,60.71,2.07,80.17,2.93,78.67,5.20,79.33,3.30,160,401,99,108,0.125,0.5,2
68.36,3.39,61.23,13.80,54.11,4.20,56.55,6.00,72.86,3.91,77.90,8.28,74.90,3.01,161,364,136,107,0.125,0.5,4
72.40,2.29,82.29,5.12,57.23,4.73,67.23,2.85,67.30,3.58,87.15,5.05,75.88,3.42,219,337,163,49,0.125,1,0.03125
72.79,2.80,81.99,6.05,57.75,4.67,67.47,3.05,68.09,3.94,87.07,5.66,76.33,3.85,218,341,159,50,0.125,1,0.0625
72.27,3.34,81.99,5.46,57.16,3.97,67.13,2.52,67.19,4.77,86.80,5.66,75.68,4.67,218,337,163,50,0.125,1,0.125
72.79,2.64,84.28,5.37,57.54,4.32,68.10,2.24,66.85,4.34,88.18,5.46,75.97,4.08,224,335,165,44,0.125,1,0.25
72.27,2.70,78.08,6.13,57.67,4.29,66.01,1.78,69.51,3.74,84.93,5.71,76.36,3.69,207,348,152,61,0.125,1,0.5
72.53,3.34,70.09,6.05,58.86,6.25,63.69,4.71,73.96,3.61,82.01,5.70,77.67,3.61,187,370,130,81,0.125,1,1
71.62,3.42,68.28,6.10,58.07,4.58,62.44,2.40,73.71,3.96,80.78,5.70,76.99,3.87,181,369,131,87,0.125,1,2
68.88,3.50,70.93,6.08,54.04,6.62,61.02,5.42,68.05,2.49,81.18,6.02,73.93,3.28,189,340,160,79,0.125,1,4
67.45,3.42,89.76,5.98,52.02,6.62,65.42,5.17,56.00,3.85,90.80,5.46,69.07,2.60,239,279,221,29,0.125,2,0.03125
67.32,2.69,88.52,5.29,51.82,5.99,65.01,4.73,56.28,3.10,89.85,5.00,69.08,2.41,236,281,219,32,0.125,2,0.0625
67.83,3.36,91.55,4.86,52.34,6.74,66.14,5.18,55.62,4.06,92.23,4.55,69.18,2.42,244,277,223,24,0.125,2,0.125
68.23,1.86,89.29,6.68,52.65,5.62,65.81,4.09,57.23,4.76,90.83,4.94,69.95,2.61,238,286,214,30,0.125,2,0.25
69.40,2.47,82.26,7.59,54.31,5.28,64.89,2.25,62.98,5.78,86.36,6.27,72.58,4.01,218,315,185,50,0.125,2,0.5
70.84,4.23,75.19,6.68,56.03,6.01,63.95,5.34,68.74,3.01,83.42,6.85,75.31,4.36,200,344,156,68,0.125,2,1
71.09,1.65,68.38,7.13,57.55,6.04,61.86,2.46,73.13,4.04,80.92,5.78,76.59,2.25,181,365,135,87,0.125,2,2
69.66,1.94,74.49,5.68,54.57,6.73,62.68,5.44,67.02,3.57,83.19,3.91,74.10,2.02,200,335,165,68,0.125,2,4
59.62,6.70,94.55,3.93,46.44,7.89,61.79,7.30,41.44,6.92,93.78,3.84,56.98,6.32,253,205,295,15,0.125,4,0.03125
59.62,7.97,94.55,3.93,46.64,8.52,61.88,7.89,41.57,8.81,93.84,3.57,56.89,8.26,253,205,295,15,0.125,4,0.0625
61.06,4.35,94.18,4.18,47.09,6.63,62.43,6.00,43.55,4.57,93.53,4.41,59.17,3.88,252,217,283,16,0.125,4,0.125
65.36,3.37,91.21,5.86,50.20,6.54,64.35,5.58,51.71,5.23,92.04,4.54,65.88,3.02,244,258,242,24,0.125,4,0.25
68.23,3.13,76.49,5.14,53.22,6.91,62.35,4.81,64.07,4.88,83.36,5.28,72.27,3.46,204,320,180,64,0.125,4,0.5
67.97,3.20,73.00,3.70,52.80,4.68,61.13,3.47,64.90,6.03,81.60,4.43,72.20,4.93,196,326,174,72,0.125,4,1
70.58,3.45,70.71,7.19,56.13,2.62,62.35,2.83,70.56,4.08,81.45,6.33,75.52,4.34,188,354,146,80,0.125,4,2
67.70,2.46,70.35,5.16,52.82,7.33,59.90,5.21,66.57,3.75,80.67,4.09,72.78,1.80,188,332,168,80,0.125,4,4
53.23,7.03,96.64,1.71,42.71,7.17,58.85,7.18,30.29,6.92,94.67,1.90,45.40,7.96,259,150,350,9,0.125,8,0.03125
55.58,7.57,96.35,1.38,44.10,7.87,60.04,7.63,34.27,7.11,94.60,1.81,49.84,7.65,258,169,331,10,0.125,8,0.0625
59.37,3.47,95.90,2.06,45.90,5.98,61.85,5.67,39.80,2.55,94.80,2.57,56.00,2.55,257,199,301,11,0.125,8,0.125
66.01,5.22,90.03,3.78,51.10,7.71,64.63,6.07,53.78,6.62,90.77,3.72,67.14,4.79,240,267,233,28,0.125,8,0.25
65.88,3.20,76.92,4.98,50.43,6.61,60.77,6.01,59.66,4.53,82.87,4.43,69.31,4.11,207,299,201,61,0.125,8,0.5
67.71,3.50,72.92,2.79,52.46,6.11,60.90,5.15,64.58,5.44,81.45,4.31,72.00,4.95,196,324,176,72,0.125,8,1
67.58,1.06,72.95,5.36,52.47,4.65,60.71,2.49,64.97,2.29,81.41,5.25,72.17,2.36,194,325,175,74,0.125,8,2
67.45,2.79,72.50,6.15,52.60,5.36,60.51,3.01,64.91,6.32,81.17,5.50,71.91,4.60,193,325,175,75,0.125,8,4
51.92,12.27,95.28,3.16,42.73,9.61,58.24,9.32,29.68,14.97,92.18,2.20,42.66,17.75,255,144,356,13,0.125,16,0.03125
54.92,8.68,95.59,3.37,43.83,8.12,59.57,7.66,33.58,11.32,93.79,3.24,48.19,12.80,256,166,334,12,0.125,16,0.0625
58.71,6.82,95.76,1.48,45.79,7.79,61.57,7.74,39.16,5.48,94.71,1.48,55.18,5.73,257,194,306,11,0.125,16,0.125
65.10,2.18,80.29,3.18,49.72,4.63,61.29,3.98,56.45,6.20,84.23,2.90,67.46,4.99,216,284,216,52,0.125,16,0.25
65.36,2.45,75.03,2.51,50.17,7.22,59.80,5.50,60.36,2.44,81.81,3.12,69.38,0.96,201,301,199,67,0.125,16,0.5
65.48,5.18,69.95,6.30,50.32,9.51,58.26,8.30,62.55,8.04,79.83,1.79,69.93,5.69,190,313,187,78,0.125,16,1
69.53,2.60,67.94,6.20,55.46,5.48,60.54,1.85,70.46,6.50,80.14,5.12,74.78,4.30,181,353,147,87,0.125,16,2
66.80,1.70,71.44,6.04,51.60,4.32,59.62,3.12,64.22,5.02,80.61,4.80,71.34,3.78,191,322,178,77,0.125,16,4
76.31,3.73,53.26,5.62,72.01,5.03,60.88,3.22,88.97,2.29,77.75,5.55,82.88,3.45,141,445,55,127,0.25,0.0625,0.03125
76.31,3.92,52.52,5.87,72.49,4.71,60.56,3.50,89.35,2.41,77.54,5.60,82.93,3.60,139,447,53,129,0.25,0.0625,0.0625
75.40,4.77,50.16,6.81,71.44,3.89,58.60,4.40,89.32,2.20,76.63,6.27,82.39,4.13,132,447,53,136,0.25,0.0625,0.125
74.10,4.81,36.14,7.08,78.14,3.08,48.97,6.65,94.54,1.54,73.33,5.62,82.49,3.78,96,473,27,172,0.25,0.0625,0.25
74.74,3.25,37.54,4.22,79.59,7.57,50.66,3.32,94.82,2.06,73.79,4.78,82.89,2.88,100,474,26,168,0.25,0.0625,0.5
76.17,2.67,42.94,3.29,78.88,6.88,55.45,3.55,94.05,1.15,75.39,4.34,83.61,2.47,115,470,30,153,0.25,0.0625,1
73.32,4.57,42.17,2.95,69.79,3.82,52.47,2.41,90.08,2.51,74.18,5.42,81.29,4.00,112,451,49,156,0.25,0.0625,2
69.28,2.96,39.41,5.99,58.74,5.96,46.76,4.70,85.44,1.69,72.43,5.18,78.26,2.68,105,427,73,163,0.25,0.0625,4
76.31,4.15,55.55,5.47,70.83,5.32,61.95,3.21,87.72,3.08,78.30,5.76,82.66,3.93,147,439,61,121,0.25,0.125,0.03125
76.18,3.74,54.30,4.27,71.00,4.73,61.28,2.16,88.13,2.62,77.95,5.38,82.65,3.62,144,441,59,124,0.25,0.125,0.0625
76.57,4.55,54.46,5.24,72.28,4.29,61.86,2.93,88.66,3.34,78.03,5.82,82.93,4.26,144,444,56,124,0.25,0.125,0.125
77.61,4.01,47.92,4.14,80.29,5.30,59.83,3.38,93.78,1.65,76.82,5.30,84.37,3.44,127,469,31,141,0.25,0.125,0.25
77.22,3.49,48.10,4.39,78.43,5.71,59.40,3.52,92.98,1.95,76.78,4.89,84.03,3.12,128,465,35,140,0.25,0.125,0.5
76.57,3.40,47.08,4.99,76.95,5.25,58.14,3.76,92.62,1.24,76.36,5.08,83.61,2.97,125,463,37,143,0.25,0.125,1
71.89,5.04,41.32,5.09,66.04,5.03,50.58,3.73,88.47,3.25,73.48,6.04,80.20,4.43,109,443,57,159,0.25,0.125,2
71.23,3.83,50.72,7.29,60.14,5.62,54.71,5.71,82.39,1.41,75.65,5.77,78.76,3.30,135,412,88,133,0.25,0.125,4
77.35,3.40,59.38,8.14,71.69,4.40,64.37,2.95,87.65,1.71,79.70,6.25,83.33,3.08,156,438,62,112,0.25,0.25,0.03125
77.35,3.61,56.60,5.09,72.68,2.62,63.44,2.70,88.74,1.14,78.92,5.39,83.47,3.34,150,444,56,118,0.25,0.25,0.0625
77.35,3.82,54.01,5.79,74.42,3.35,62.33,3.40,90.14,1.79,78.21,5.44,83.67,3.46,143,451,49,125,0.25,0.25,0.125
78.65,4.11,55.62,5.62,77.57,4.20,64.54,3.41,91.33,2.31,78.96,5.44,84.61,3.58,147,457,43,121,0.25,0.25,0.25
77.09,3.57,54.19,6.49,73.70,4.41,62.09,3.30,89.81,1.50,78.19,5.60,83.49,3.14,143,449,51,125,0.25,0.25,0.5
76.83,3.26,52.17,4.89,74.30,5.06,60.93,1.63,90.41,1.93,77.62,5.34,83.42,3.07,138,452,48,130,0.25,0.25,1
71.62,3.21,47.19,7.21,62.10,5.50,53.19,5.59,84.76,2.73,74.90,5.21,79.41,3.16,126,424,76,142,0.25,0.25,2
68.89,4.66,54.31,4.87,55.57,3.32,54.77,2.88,76.78,3.73,75.44,6.36,76.05,4.82,144,385,115,124,0.25,0.25,4
76.18,4.03,62.82,7.33,67.34,2.48,64.66,2.75,83.63,3.57,80.28,5.96,81.84,4.13,166,419,81,102,0.25,0.5,0.03125
76.31,3.97,62.36,6.26,67.79,3.17,64.65,2.13,84.04,3.73,80.18,5.78,81.99,4.14,165,421,79,103,0.25,0.5,0.0625
76.57,4.03,63.10,6.29,67.89,3.07,65.18,3.06,84.06,2.89,80.50,5.75,82.18,3.97,167,421,79,101,0.25,0.5,0.125
76.31,4.32,62.21,7.69,68.02,3.30,64.58,2.91,84.25,3.88,80.11,6.30,82.03,4.35,164,422,78,104,0.25,0.5,0.25
76.83,4.28,60.33,7.19,69.97,3.57,64.42,2.94,86.08,3.28,79.71,6.18,82.68,4.13,159,431,69,109,0.25,0.5,0.5
75.66,3.23,55.50,2.07,68.81,6.30,61.26,2.46,86.56,2.92,78.17,4.72,82.08,3.31,148,433,67,120,0.25,0.5,1
71.89,4.46,51.59,6.27,61.88,3.09,55.99,3.14,83.08,2.65,75.82,6.27,79.20,4.21,136,416,84,132,0.25,0.5,2
68.10,2.69,61.03,7.20,53.42,5.05,56.71,4.75,71.93,1.60,77.45,5.75,74.49,2.96,163,360,140,105,0.25,0.5,4
75.79,4.32,73.37,7.41,63.55,3.11,67.81,2.46,77.36,4.94,83.73,6.29,80.34,4.94,194,388,112,74,0.25,1,0.03125
75.79,4.32,73.02,7.83,63.65,3.17,67.69,2.62,77.57,5.05,83.62,6.37,80.39,4.94,193,389,111,75,0.25,1,0.0625
75.92,5.11,73.15,8.71,63.77,2.66,67.89,4.10,77.73,4.59,83.64,7.04,80.51,5.34,193,390,110,75,0.25,1,0.125
74.49,3.27,72.16,4.20,61.49,3.72,66.21,1.67,75.80,4.15,83.08,5.10,79.23,4.16,192,380,120,76,0.25,1,0.25
75.01,2.93,66.57,6.84,64.00,4.81,64.77,0.66,79.96,3.87,81.25,5.79,80.46,3.46,176,400,100,92,0.25,1,0.5
73.97,4.51,56.25,4.21,64.67,7.52,59.98,4.84,83.53,4.00,77.85,5.46,80.52,4.26,150,418,82,118,0.25,1,1
72.02,4.96,59.65,6.49,60.21,2.67,59.74,3.50,78.71,4.75,77.95,6.15,78.28,5.09,158,395,105,110,0.25,1,2
67.58,3.68,69.46,4.39,52.59,6.18,59.64,4.77,66.45,5.08,80.05,5.30,72.52,4.54,186,333,167,82,0.25,1,4
72.66,1.74,82.12,5.51,57.61,4.41,67.39,1.78,67.95,2.82,87.05,5.30,76.24,2.93,218,340,160,50,0.25,2,0.03125
72.66,3.15,81.40,6.03,57.70,2.83,67.31,1.19,68.16,4.41,86.51,5.75,76.19,4.54,216,342,158,52,0.25,2,0.0625
71.88,2.02,82.76,6.17,56.64,5.02,66.90,3.04,66.37,3.41,87.32,5.30,75.31,2.95,220,332,168,48,0.25,2,0.125
73.19,3.07,82.47,6.17,58.24,4.22,67.97,2.35,68.44,4.68,87.30,5.55,76.63,4.27,219,343,157,49,0.25,2,0.25
73.96,3.61,71.53,5.18,60.89,4.84,65.51,2.91,75.48,3.90,82.73,5.87,78.86,4.18,190,378,122,78,0.25,2,0.5
73.44,5.83,61.61,6.57,61.94,5.51,61.71,5.83,79.73,4.46,79.13,6.79,79.41,5.63,164,400,100,104,0.25,2,1
72.54,3.31,62.95,7.62,60.32,3.17,61.22,2.47,78.15,1.65,79.29,6.44,78.61,3.47,166,391,109,102,0.25,2,2
67.06,2.42,70.33,4.11,51.71,4.59,59.49,3.98,64.93,4.50,80.23,4.27,71.73,4.12,189,326,174,79,0.25,2,4
67.84,2.83,89.55,6.26,52.21,6.22,65.60,5.12,56.48,3.32,90.91,5.49,69.51,2.23,239,282,218,29,0.25,4,0.03125
68.10,3.55,87.45,6.51,52.70,6.73,65.29,5.17,58.14,5.16,89.45,5.40,70.22,3.45,233,290,210,35,0.25,4,0.0625
70.57,0.79,89.04,4.88,54.62,5.04,67.45,3.81,60.71,3.09,91.09,4.23,72.75,2.11,238,304,196,30,0.25,4,0.125
72.79,2.15,82.27,6.13,57.79,4.79,67.53,2.33,67.55,7.01,87.65,3.93,76.02,4.41,220,339,161,48,0.25,4,0.25
71.75,4.93,63.04,5.68,59.11,5.48,60.76,3.90,76.62,4.82,78.95,6.57,77.71,5.21,167,384,116,101,0.25,4,0.5
72.27,4.21,63.71,4.35,59.65,4.64,61.46,3.17,76.51,5.82,79.56,4.83,77.93,4.82,171,384,116,97,0.25,4,1
72.14,4.12,64.47,3.57,59.24,4.43,61.61,3.01,76.15,4.78,79.63,5.57,77.82,4.88,172,382,118,96,0.25,4,2
66.79,2.01,69.17,6.62,51.93,7.17,58.78,5.01,65.72,5.42,79.99,4.06,71.89,2.33,185,328,172,83,0.25,4,4
67.05,1.64,92.03,4.69,51.30,5.45,65.66,4.82,53.45,4.64,93.14,3.78,67.69,2.90,247,268,232,21,0.25,8,0.03125
66.80,1.82,88.64,5.75,51.36,5.42,64.67,3.95,55.44,2.82,89.74,5.23,68.40,1.99,236,277,223,32,0.25,8,0.0625
67.97,2.07,89.23,3.51,52.25,4.52,65.71,3.22,56.33,6.17,90.64,3.08,69.26,4.66,239,283,217,29,0.25,8,0.125
71.23,2.30,76.03,4.28,56.50,5.20,64.54,2.93,68.69,4.62,83.96,4.26,75.45,3.49,203,344,156,65,0.25,8,0.25
71.88,3.65,64.46,5.09,58.42,4.76,61.25,4.66,75.31,4.84,79.81,4.16,77.47,4.34,174,378,122,94,0.25,8,0.5
74.23,3.34,61.82,3.47,63.15,4.71,62.40,3.41,80.27,5.66,79.65,3.34,79.92,4.37,167,403,97,101,0.25,8,1
69.14,1.75,67.43,4.84,54.53,5.11,60.02,3.26,70.14,2.79,79.86,4.64,74.61,2.67,180,351,149,88,0.25,8,2
66.93,2.66,72.62,7.59,52.03,4.37,60.13,2.04,64.03,6.84,80.99,6.03,71.26,5.03,193,321,179,75,0.25,8,4
65.87,6.24,89.08,4.68,51.25,9.18,64.34,6.99,54.06,9.45,90.44,3.19,66.98,6.42,238,268,232,30,0.25,16,0.03125
67.05,3.70,89.65,5.17,51.69,6.49,65.17,4.74,54.95,7.71,91.08,3.58,68.10,5.25,240,275,225,28,0.25,16,0.0625
68.49,3.11,88.24,3.12,52.88,6.50,65.80,5.10,58.03,4.79,90.02,3.38,70.42,3.48,236,290,210,32,0.25,16,0.125
73.45,4.47,68.95,4.15,60.60,3.83,64.37,2.56,75.37,6.82,81.66,4.91,78.32,5.55,185,379,121,83,0.25,16,0.25
72.02,4.11,64.60,4.64,58.92,3.21,61.53,3.12,75.98,3.24,79.66,5.91,77.75,4.45,172,381,119,96,0.25,16,0.5
70.70,3.59,60.11,4.88,57.52,9.00,58.55,6.34,75.85,6.53,78.11,2.74,76.87,4.29,163,380,120,105,0.25,16,1
72.40,2.13,64.47,4.57,59.70,6.47,61.63,3.49,76.48,5.34,80.00,3.85,78.08,3.47,173,383,117,95,0.25,16,2
65.37,2.98,70.71,2.95,50.11,3.55,58.50,2.14,62.28,5.48,79.45,5.35,69.77,5.17,189,313,187,79,0.25,16,4
74.10,3.74,43.03,6.44,71.28,6.83,53.28,5.85,90.76,2.59,74.75,5.04,81.89,3.35,115,454,46,153,0.5,0.0625,0.03125
74.49,3.77,43.03,6.44,72.47,6.39,53.66,5.99,91.36,2.16,74.88,5.02,82.22,3.30,115,457,43,153,0.5,0.0625,0.0625
74.36,4.35,40.98,7.29,74.54,6.83,52.30,6.18,92.34,2.92,74.38,5.52,82.28,3.73,109,462,38,159,0.5,0.0625,0.125
73.18,4.57,29.53,6.43,81.23,7.67,43.05,7.69,96.61,0.92,71.88,5.20,82.32,3.49,79,483,17,189,0.5,0.0625,0.25
73.45,4.91,29.84,6.17,84.01,5.60,43.67,6.81,96.97,1.39,71.95,5.55,82.50,3.78,79,485,15,189,0.5,0.0625,0.5
73.71,4.10,37.03,4.91,75.70,5.59,49.35,3.74,93.59,1.71,73.34,5.43,82.12,3.42,98,468,32,170,0.5,0.0625,1
73.44,2.87,40.89,4.66,71.34,7.17,51.46,2.50,90.99,3.02,74.06,4.77,81.55,2.92,109,455,45,159,0.5,0.0625,2
69.93,4.82,39.19,10.70,60.43,8.92,46.60,10.44,86.99,2.51,72.78,6.43,78.99,3.23,103,434,66,165,0.5,0.0625,4
75.14,3.81,46.42,5.47,72.94,5.58,56.35,3.59,90.78,2.32,75.76,5.44,82.48,3.42,123,454,46,145,0.5,0.125,0.03125
74.62,3.91,44.80,5.97,72.22,6.02,54.89,4.60,90.76,2.59,75.25,5.37,82.18,3.51,119,454,46,149,0.5,0.125,0.0625
75.40,4.12,45.39,3.66,74.70,7.81,56.18,3.16,91.52,3.49,75.59,5.13,82.72,3.83,121,458,42,147,0.5,0.125,0.125
74.62,4.63,34.99,5.69,82.93,6.03,48.83,5.34,96.22,1.38,73.23,5.73,83.03,3.61,92,481,19,176,0.5,0.125,0.25
75.39,4.12,37.78,7.55,81.75,6.84,51.22,7.90,95.57,1.99,74.08,4.98,83.37,3.28,101,478,22,167,0.5,0.125,0.5
74.61,2.64,40.76,5.25,74.90,6.24,52.43,4.53,92.85,1.30,74.47,4.56,82.55,2.39,109,464,36,159,0.5,0.125,1
70.84,3.11,40.13,4.62,63.54,6.95,48.66,1.92,87.68,2.71,73.04,5.46,79.54,2.95,106,438,62,162,0.5,0.125,2
70.58,4.56,50.35,8.78,59.32,8.02,53.88,7.15,81.92,2.86,75.39,6.54,78.31,3.60,133,409,91,135,0.5,0.125,4
76.18,3.50,50.25,4.81,73.37,4.37,59.35,2.85,90.41,0.93,76.99,5.42,83.05,3.10,133,452,48,135,0.5,0.25,0.03125
76.57,3.90,49.16,3.50,75.24,0.64,59.38,2.51,91.29,1.51,76.82,4.99,83.37,3.48,131,457,43,137,0.5,0.25,0.0625
76.96,3.89,46.96,4.11,78.47,5.40,58.60,3.77,93.16,1.90,76.43,5.03,83.90,3.40,125,466,34,143,0.5,0.25,0.125
76.96,3.57,47.10,4.47,78.63,4.59,58.66,2.88,93.18,1.65,76.46,5.08,83.90,3.14,125,466,34,143,0.5,0.25,0.25
76.70,3.68,45.50,5.71,79.00,6.79,57.39,4.98,93.61,2.08,76.06,5.07,83.83,3.13,121,468,32,147,0.5,0.25,0.5
75.66,3.74,47.21,8.41,73.96,5.25,57.03,6.25,91.23,2.29,76.16,5.44,82.88,3.02,125,456,44,143,0.5,0.25,1
71.88,1.70,46.72,6.19,63.81,9.62,53.14,4.99,85.55,4.21,74.98,4.39,79.74,1.98,125,427,73,143,0.5,0.25,2
71.36,3.21,56.62,4.68,59.22,6.42,57.66,4.59,79.40,1.67,77.20,5.33,78.20,3.16,151,397,103,117,0.5,0.25,4
77.35,3.49,56.16,4.27,72.96,2.99,63.28,1.92,88.92,1.69,78.78,5.17,83.48,3.34,149,445,55,119,0.5,0.5,0.03125
77.48,3.54,55.41,4.62,73.75,2.72,63.11,2.42,89.53,1.46,78.62,5.15,83.66,3.30,147,448,52,121,0.5,0.5,0.0625
77.87,3.73,54.69,5.19,75.42,3.60,63.21,3.27,90.54,1.66,78.54,5.21,84.05,3.35,145,453,47,123,0.5,0.5,0.125
77.87,4.02,54.87,6.05,75.79,4.86,63.32,3.23,90.53,2.70,78.55,5.54,84.03,3.62,145,453,47,123,0.5,0.5,0.25
77.22,3.52,52.74,5.92,75.26,5.20,61.59,2.59,90.84,1.79,77.87,5.64,83.73,3.10,139,454,46,129,0.5,0.5,0.5
75.92,3.32,52.16,2.72,71.13,4.00,60.06,1.80,88.73,1.83,77.36,4.82,82.60,3.25,139,444,56,129,0.5,0.5,1
71.75,2.66,51.99,6.33,61.19,6.22,55.78,4.26,82.68,1.56,76.11,5.39,79.12,2.48,138,413,87,130,0.5,0.5,2
69.93,2.39,63.26,8.43,56.36,4.48,59.00,2.72,74.06,3.26,78.73,6.51,76.10,2.80,167,370,130,101,0.5,0.5,4
75.79,3.90,61.62,6.57,66.91,2.92,63.85,2.41,83.65,3.30,79.82,5.79,81.61,3.98,163,419,81,105,0.5,1,0.03125
76.05,4.21,61.99,6.48,67.39,2.72,64.30,2.54,83.81,3.82,79.97,5.85,81.78,4.30,164,420,80,104,0.5,1,0.0625
76.18,4.61,62.40,6.07,67.51,2.91,64.65,3.00,83.79,3.83,80.09,5.97,81.85,4.57,165,420,80,103,0.5,1,0.125
75.79,4.29,61.44,6.98,67.10,3.23,63.80,2.77,83.87,3.28,79.73,6.30,81.66,4.24,162,420,80,106,0.5,1,0.25
75.92,3.96,54.43,7.54,70.78,5.62,60.97,3.17,88.01,2.84,77.89,6.25,82.49,3.60,143,440,60,125,0.5,1,0.5
72.53,2.83,48.78,5.55,65.10,8.66,54.99,2.16,85.76,4.52,75.57,5.29,80.13,2.77,129,428,72,139,0.5,1,1
71.75,2.28,61.64,7.19,59.27,4.90,59.93,2.93,77.35,3.93,78.81,5.12,77.94,2.92,164,387,113,104,0.5,1,2
67.84,4.10,64.97,7.18,53.11,7.00,58.11,6.22,69.64,2.73,78.64,6.46,73.74,3.72,173,348,152,95,0.5,1,4
75.79,3.87,72.35,7.93,63.64,1.61,67.44,2.48,78.03,2.74,83.38,6.42,80.56,4.12,191,391,109,77,0.5,2,0.03125
75.14,4.40,71.01,7.04,63.02,2.12,66.54,2.34,77.51,5.11,82.66,6.03,79.93,5.03,188,389,111,80,0.5,2,0.0625
75.66,3.60,73.19,5.84,63.24,3.13,67.60,1.20,77.20,4.24,83.70,5.67,80.26,4.35,194,387,113,74,0.5,2,0.125
73.83,2.33,70.30,7.82,61.48,6.28,64.86,1.39,76.25,5.40,82.39,5.86,78.95,3.19,186,381,119,82,0.5,2,0.25
75.01,3.40,58.68,6.71,66.83,6.83,61.83,2.22,84.21,4.38,78.84,5.85,81.27,3.55,155,421,79,113,0.5,2,0.5
73.32,5.14,53.52,7.28,64.61,3.57,58.20,4.34,84.24,3.53,76.78,6.61,80.24,4.68,141,422,78,127,0.5,2,1
70.97,2.98,62.43,9.15,58.47,7.34,59.54,3.60,76.46,4.48,78.84,6.69,77.32,2.65,164,381,119,104,0.5,2,2
70.71,3.60,70.25,3.45,56.27,4.70,62.38,3.59,70.77,4.49,81.32,4.99,75.65,4.46,188,355,145,80,0.5,2,4
72.93,3.16,82.45,5.82,57.92,4.36,67.76,2.52,68.04,4.68,87.20,5.52,76.35,4.39,219,341,159,49,0.5,4,0.03125
71.75,2.88,79.87,5.90,57.00,5.47,66.08,2.56,67.75,5.27,85.72,5.62,75.52,4.09,212,339,161,56,0.5,4,0.0625
73.71,4.57,80.32,4.65,59.08,2.41,68.01,2.53,69.98,6.08,86.23,5.84,77.23,5.92,214,352,148,54,0.5,4,0.125
73.97,3.81,72.43,8.78,60.94,3.72,65.73,2.76,74.96,5.98,83.10,6.29,78.65,4.83,192,376,124,76,0.5,4,0.25
72.92,2.63,46.23,4.99,66.60,8.84,54.00,3.46,87.49,3.65,75.09,4.81,80.67,2.66,123,437,63,145,0.5,4,0.5
71.88,2.58,52.86,4.72,60.97,5.13,56.41,3.42,81.92,3.29,76.40,4.40,78.98,3.03,142,410,90,126,0.5,4,1
70.58,2.39,62.49,4.49,56.94,4.20,59.39,2.81,74.88,2.61,78.66,4.95,76.66,3.18,167,375,125,101,0.5,4,2
66.92,3.03,65.91,4.83,52.41,7.56,57.83,4.78,67.74,6.12,78.65,4.31,72.54,3.51,176,338,162,92,0.5,4,4
70.97,4.07,84.15,4.98,55.54,3.81,66.76,2.87,63.89,5.92,87.51,5.27,73.79,5.57,224,321,179,44,0.5,8,0.03125
72.01,2.46,80.10,4.92,56.98,3.61,66.37,1.70,67.82,3.53,85.82,5.11,75.73,3.80,213,340,160,55,0.5,8,0.0625
73.06,4.17,77.79,4.57,58.64,3.92,66.72,2.74,69.95,7.87,85.33,3.90,76.70,5.80,209,352,148,59,0.5,8,0.125
72.40,3.82,62.27,10.43,60.84,5.46,60.69,3.66,78.36,5.27,79.13,6.97,78.51,4.13,164,392,108,104,0.5,8,0.25
72.26,4.46,46.21,11.85,62.53,10.17,52.77,10.93,85.41,4.79,75.13,4.24,79.88,3.91,127,428,72,141,0.5,8,0.5
73.45,4.27,54.56,1.67,64.59,6.74,58.91,1.72,83.38,5.36,77.14,4.75,80.08,4.50,146,418,82,122,0.5,8,1
68.75,1.51,65.45,7.91,53.85,5.26,58.79,5.45,70.26,3.81,79.29,4.29,74.38,2.72,176,352,148,92,0.5,8,2
67.84,3.32,71.34,3.10,53.05,6.09,60.51,3.65,66.16,4.98,80.75,5.32,72.62,4.21,190,331,169,78,0.5,8,4
70.18,1.50,77.57,8.72,55.60,5.98,64.05,2.09,66.97,5.23,84.49,6.50,74.36,2.34,205,334,166,63,0.5,16,0.03125
71.23,3.48,79.63,8.67,56.44,3.39,65.62,1.66,66.65,7.91,85.72,5.90,74.65,5.47,212,335,165,56,0.5,16,0.0625
72.01,3.25,72.75,4.32,58.06,4.91,64.26,1.71,71.58,6.32,82.66,4.68,76.59,4.77,194,359,141,74,0.5,16,0.125
73.18,4.97,50.17,8.40,64.97,4.44,56.25,6.36,85.67,3.00,76.03,6.37,80.46,4.42,133,429,71,135,0.5,16,0.25
72.93,4.76,50.94,4.95,64.65,4.95,56.72,3.04,84.83,3.96,76.00,5.86,80.10,4.51,135,425,75,133,0.5,16,0.5
71.09,2.81,56.74,3.43,58.61,9.32,57.45,6.16,78.66,3.63,77.25,3.36,77.89,2.62,153,393,107,115,0.5,16,1
71.23,2.57,64.84,5.47,58.05,8.25,60.74,5.16,74.64,5.86,79.87,3.79,76.98,3.18,174,373,127,94,0.5,16,2
68.11,3.15,72.27,5.98,53.14,4.00,60.95,2.65,65.74,6.18,81.26,5.38,72.53,4.95,193,330,170,75,0.5,16,4
72.41,4.67,30.77,7.16,78.38,8.22,43.25,6.85,94.95,2.75,71.76,5.75,81.61,3.82,81,475,25,187,1,0.0625,0.03125
72.93,4.42,31.12,7.24,80.43,7.67,43.96,7.06,95.59,2.36,72.01,5.64,82.00,3.57,82,478,22,186,1,0.0625,0.0625
73.06,3.87,29.82,6.22,83.44,10.81,43.05,6.35,96.44,2.18,71.86,5.24,82.22,3.15,79,482,18,189,1,0.0625,0.125
71.10,4.48,19.37,5.31,87.74,12.04,31.53,7.67,98.85,1.06,69.59,4.99,81.56,3.32,52,494,6,216,1,0.0625,0.25
71.36,4.92,22.51,5.05,83.34,8.22,35.17,6.68,97.55,1.67,70.08,5.31,81.47,3.82,60,488,12,208,1,0.0625,0.5
71.49,4.10,28.35,3.61,74.43,5.70,40.77,3.23,94.82,1.15,71.07,5.31,81.12,3.32,75,474,26,193,1,0.0625,1
72.40,4.36,38.76,5.05,69.40,6.15,49.29,3.31,90.79,2.46,73.24,5.84,80.94,3.69,102,454,46,166,1,0.0625,2
67.99,6.58,32.30,9.71,57.07,5.78,40.69,9.70,87.49,2.91,70.55,7.07,77.93,4.91,84,438,62,184,1,0.0625,4
73.84,4.59,35.55,7.03,78.74,6.71,48.27,6.27,94.54,2.58,73.10,5.66,82.33,3.77,94,473,27,174,1,0.125,0.03125
74.49,4.89,36.12,7.83,81.08,6.61,49.26,7.35,95.39,2.09,73.42,5.96,82.84,3.83,95,477,23,173,1,0.125,0.0625
74.62,4.20,35.40,8.17,82.74,6.96,48.70,7.62,96.08,1.73,73.38,5.75,83.04,3.18,93,480,20,175,1,0.125,0.125
71.88,4.55,26.19,3.81,80.68,7.26,39.26,3.76,96.60,1.52,70.81,5.47,81.60,3.59,69,483,17,199,1,0.125,0.25
74.23,4.01,32.53,4.13,83.87,5.17,46.66,4.33,96.55,1.70,72.66,4.86,82.84,3.37,87,483,17,181,1,0.125,0.5
72.79,4.05,33.93,4.80,74.31,5.15,46.31,4.45,93.79,1.31,72.46,5.23,81.65,3.32,90,469,31,178,1,0.125,1
70.84,6.68,40.55,9.87,63.17,7.23,48.91,8.46,87.72,2.61,73.01,7.63,79.54,5.19,105,439,61,163,1,0.125,2
71.63,4.81,44.17,8.92,63.60,2.28,51.59,6.18,86.77,1.69,74.19,6.61,79.81,3.86,116,434,66,152,1,0.125,4
74.62,4.48,38.16,9.82,79.40,5.19,50.42,8.21,94.67,2.04,73.96,6.14,82.84,3.30,100,473,27,168,1,0.25,0.03125
74.88,4.47,36.27,8.19,81.23,2.65,49.62,7.93,95.57,1.10,73.67,5.29,83.10,3.42,97,478,22,171,1,0.25,0.0625
73.84,5.20,32.16,6.46,83.29,6.56,45.98,6.36,96.60,1.52,72.44,6.06,82.66,3.95,84,483,17,184,1,0.25,0.125
75.27,4.39,39.44,4.28,80.03,5.64,52.59,3.61,94.80,1.40,74.28,5.60,83.18,3.57,104,474,26,164,1,0.25,0.25
76.30,3.56,40.30,7.46,83.01,7.42,53.70,7.49,95.60,2.18,74.90,4.69,83.90,2.92,108,478,22,160,1,0.25,0.5
74.22,4.29,41.29,9.96,73.20,7.60,52.05,8.50,92.27,1.70,74.47,5.89,82.26,3.16,109,461,39,159,1,0.25,1
70.70,3.72,44.16,7.23,61.63,7.00,50.83,4.46,85.50,2.60,73.86,6.15,79.07,3.19,116,427,73,152,1,0.25,2
71.23,3.38,49.96,6.08,60.93,4.12,54.48,2.27,82.72,4.25,75.40,5.28,78.73,3.46,133,414,86,135,1,0.25,4
76.83,4.12,47.56,5.85,77.70,4.06,58.74,4.53,92.75,1.67,76.50,5.40,83.76,3.50,126,464,36,142,1,0.5,0.03125
76.57,3.70,46.55,3.59,77.37,5.36,57.99,3.27,92.76,1.90,76.22,4.87,83.61,3.28,124,464,36,144,1,0.5,0.0625
77.09,3.41,46.70,4.11,78.84,5.73,58.52,4.11,93.36,1.92,76.46,4.53,84.01,3.08,125,467,33,143,1,0.5,0.125
77.48,3.81,50.48,3.95,77.47,6.15,60.93,3.15,92.18,2.20,77.39,5.12,84.06,3.35,134,461,39,134,1,0.5,0.25
77.09,3.20,46.13,4.07,79.75,5.31,58.23,3.15,93.50,2.78,76.34,4.15,84.00,3.10,124,468,32,144,1,0.5,0.5
73.57,3.61,42.20,4.67,69.60,6.98,52.45,5.16,90.39,1.38,74.40,4.72,81.55,3.05,113,452,48,155,1,0.5,1
71.62,3.29,52.63,9.37,61.59,5.78,55.85,3.72,82.50,3.68,76.23,6.67,78.99,3.09,138,412,88,130,1,0.5,2
70.19,3.91,53.40,6.58,58.00,3.74,55.27,3.25,79.54,2.29,75.78,6.20,77.50,3.72,141,398,102,127,1,0.5,4
77.09,3.64,53.97,5.73,73.63,2.41,62.03,3.13,89.73,1.56,78.13,5.33,83.45,3.33,143,449,51,125,1,1,0.03125
76.83,4.04,53.62,5.85,73.32,3.96,61.66,3.38,89.50,2.74,77.94,5.48,83.24,3.73,142,448,52,126,1,1,0.0625
78.00,3.58,54.32,5.69,76.03,3.46,63.13,3.58,90.96,1.24,78.51,5.20,84.20,3.17,144,455,45,124,1,1,0.125
78.00,4.22,59.16,9.74,74.06,6.76,64.96,4.74,88.86,3.51,79.84,6.63,83.89,3.52,155,444,56,113,1,1,0.25
75.92,3.57,50.04,6.69,73.54,6.75,58.90,3.63,89.93,4.10,76.86,5.08,82.77,3.42,133,450,50,135,1,1,0.5
72.66,3.58,42.01,6.51,67.12,5.60,51.31,5.46,89.21,1.68,74.10,5.21,80.84,3.04,112,446,54,156,1,1,1
69.54,3.93,57.81,8.13,56.47,4.79,56.62,3.31,76.04,5.39,76.73,6.26,76.23,4.52,153,381,119,115,1,1,2
69.53,2.58,60.22,4.78,55.79,5.55,57.64,3.41,74.54,3.98,77.65,4.81,75.94,3.26,161,373,127,107,1,1,4
76.18,4.65,63.03,7.34,67.28,2.36,64.82,3.46,83.65,2.79,80.28,6.50,81.86,4.41,166,419,81,102,1,2,0.03125
76.05,3.12,60.60,2.31,67.43,3.06,63.73,0.73,84.21,3.38,79.70,4.35,81.87,3.58,162,422,78,106,1,2,0.0625
76.70,4.30,62.29,7.49,68.70,2.50,65.01,3.10,84.89,2.53,80.24,6.37,82.41,4.10,164,425,75,104,1,2,0.125
74.88,3.46,65.34,11.55,65.08,7.80,63.96,3.44,80.94,5.49,80.99,7.42,80.60,3.33,171,404,96,97,1,2,0.25
73.97,5.15,50.12,8.06,70.50,12.14,57.14,3.45,86.84,8.57,76.21,5.63,80.92,5.25,133,435,65,135,1,2,0.5
71.36,4.14,41.57,7.62,64.09,4.15,49.86,5.46,87.56,3.25,73.52,5.75,79.77,3.58,110,438,62,158,1,2,1
69.27,1.21,58.83,9.79,56.42,6.50,56.54,2.95,75.61,5.41,77.28,6.15,76.07,1.94,155,377,123,113,1,2,2
68.36,4.30,62.88,3.13,53.85,4.45,57.96,3.59,70.89,5.48,77.89,4.39,74.19,4.83,169,356,144,99,1,2,4
75.40,3.70,71.63,7.28,63.37,3.38,66.87,1.32,77.55,5.78,83.10,5.59,80.10,4.69,190,389,111,78,1,4,0.03125
75.27,4.14,70.71,7.63,63.46,3.42,66.50,1.92,77.98,5.34,82.64,6.17,80.13,4.78,187,391,109,81,1,4,0.0625
75.66,4.03,67.30,5.14,64.66,1.49,65.81,2.07,80.12,4.20,81.62,5.34,80.82,4.42,179,402,98,89,1,4,0.125
75.66,3.86,65.85,10.61,66.07,6.61,65.00,3.20,81.01,7.68,81.56,6.42,80.93,4.53,175,406,94,93,1,4,0.25
72.53,4.14,37.53,5.05,70.79,8.15,48.55,4.37,91.05,4.52,73.04,4.70,80.98,3.96,101,456,44,167,1,4,0.5
71.88,4.24,45.96,4.74,63.76,7.99,53.09,4.71,85.78,4.91,74.62,4.73,79.71,3.87,123,429,71,145,1,4,1
69.02,3.86,59.25,9.68,55.87,5.25,56.65,3.44,74.43,7.16,77.11,6.66,75.47,4.95,157,373,127,111,1,4,2
67.19,2.77,61.51,6.08,52.57,6.91,56.27,4.57,70.44,4.06,77.20,5.03,73.52,2.94,164,352,148,104,1,4,4
75.53,3.90,74.65,4.41,62.82,4.37,67.98,1.74,75.92,6.30,84.37,4.46,79.82,4.85,199,381,119,69,1,8,0.03125
75.79,5.09,67.75,6.64,65.15,4.10,66.16,3.15,80.36,5.12,81.65,6.56,80.93,5.30,179,403,97,89,1,8,0.0625
75.92,4.53,62.89,4.42,66.95,3.58,64.63,1.67,82.64,6.34,80.27,4.86,81.36,5.08,168,415,85,100,1,8,0.125
71.62,4.61,53.24,13.27,61.12,2.96,55.92,6.38,82.47,1.80,76.36,8.16,79.01,3.76,138,412,88,130,1,8,0.25
69.93,4.81,37.86,15.21,61.62,8.68,44.93,12.13,86.02,8.93,72.56,4.62,78.45,5.03,105,432,68,163,1,8,0.5
71.75,2.52,45.41,6.02,62.28,5.51,52.39,5.63,85.51,1.89,74.59,3.74,79.64,2.58,123,428,72,145,1,8,1
67.58,1.89,66.30,7.89,52.52,4.14,58.29,4.17,68.26,3.45,78.99,5.22,73.11,2.97,177,342,158,91,1,8,2
67.33,3.83,63.55,6.48,52.52,3.72,57.29,3.29,69.36,4.50,77.62,6.00,73.20,4.66,169,348,152,99,1,8,4
73.70,2.89,61.04,9.57,63.78,6.95,61.37,2.07,81.35,4.74,79.23,6.68,79.97,2.91,160,406,94,108,1,16,0.03125
75.14,5.21,67.27,9.03,64.70,5.88,65.33,4.22,79.19,8.27,81.55,5.60,80.13,5.74,179,398,102,89,1,16,0.0625
75.27,3.78,58.00,4.63,67.86,8.57,61.95,1.85,84.75,5.66,78.69,5.13,81.47,4.02,154,424,76,114,1,16,0.125
72.27,4.36,37.66,7.78,68.75,10.46,48.06,8.36,91.13,2.67,73.16,5.55,80.99,3.21,100,455,45,168,1,16,0.25
71.89,5.69,39.28,3.13,69.24,10.25,49.56,1.98,88.89,6.57,73.05,4.82,80.13,5.18,106,446,54,162,1,16,0.5
69.00,4.34,48.88,3.11,57.22,13.12,52.22,7.26,79.83,6.80,74.44,3.36,76.88,3.76,132,398,102,136,1,16,1
68.62,2.57,62.78,5.25,54.72,7.17,57.90,3.58,71.76,6.69,78.17,4.11,74.60,3.82,168,359,141,100,1,16,2
67.06,4.04,65.45,5.11,51.81,5.68,57.79,5.34,67.59,3.90,78.40,4.57,72.59,4.21,176,339,161,92,1,16,4
69.54,3.89,16.04,6.15,84.45,11.59,26.19,9.03,98.26,1.16,68.60,4.86,80.67,2.92,43,491,9,225,2,0.0625,0.03125
69.28,3.20,16.49,5.58,82.57,15.91,26.56,8.15,97.73,2.08,68.61,4.77,80.46,2.49,44,488,12,224,2,0.0625,0.0625
69.80,4.52,19.37,8.90,83.04,11.94,29.68,10.93,97.29,2.12,69.18,5.87,80.66,3.27,50,486,14,218,2,0.0625,0.125
67.85,5.27,9.67,5.30,80.33,14.04,16.97,8.41,98.99,0.64,67.18,5.28,79.92,3.79,26,495,5,242,2,0.0625,0.25
69.93,5.33,20.60,5.78,76.85,7.54,31.98,7.31,96.55,1.75,69.30,5.80,80.57,4.05,54,483,17,214,2,0.0625,0.5
71.36,4.37,27.98,4.09,76.18,12.41,40.31,3.38,94.79,2.63,70.95,5.39,81.03,3.59,74,474,26,194,2,0.0625,1
72.40,3.32,41.51,4.70,67.19,5.63,50.91,2.67,89.23,1.91,73.85,5.33,80.69,2.99,110,446,54,158,2,0.0625,2
65.23,3.28,31.09,7.59,54.02,13.60,37.61,6.98,84.62,8.07,69.61,4.99,75.88,2.20,81,420,80,187,2,0.0625,4
70.32,3.65,19.58,7.18,84.39,12.90,30.60,10.11,97.71,1.79,69.39,5.01,81.00,2.70,52,488,12,216,2,0.125,0.03125
70.71,3.67,20.98,6.92,85.56,13.20,32.49,8.35,97.74,2.17,69.72,5.29,81.21,2.72,55,488,12,213,2,0.125,0.0625
71.49,4.16,25.32,8.68,83.20,11.22,37.24,9.33,96.69,2.35,70.64,5.78,81.44,3.14,66,483,17,202,2,0.125,0.125
70.32,4.20,17.99,2.01,87.16,10.97,29.61,2.20,98.40,1.37,69.08,4.99,81.07,3.35,48,492,8,220,2,0.125,0.25
72.01,4.10,29.38,5.83,74.94,2.65,41.90,6.14,94.72,1.49,71.43,4.89,81.37,3.43,79,474,26,189,2,0.125,0.5
73.18,3.37,34.61,7.75,77.05,8.85,46.64,7.00,94.03,2.61,72.80,5.15,81.92,2.87,92,470,30,176,2,0.125,1
71.23,5.21,42.47,8.71,63.29,6.13,50.24,7.01,87.24,1.60,73.68,6.90,79.70,4.09,111,436,64,157,2,0.125,2
66.93,3.25,37.12,5.56,55.17,11.08,43.50,5.78,83.57,5.20,71.23,5.14,76.61,2.33,98,416,84,170,2,0.125,4
71.89,5.23,24.87,8.87,86.78,9.74,37.24,10.07,97.71,1.79,70.71,6.28,81.82,3.63,64,488,12,204,2,0.25,0.03125
71.76,4.30,22.70,6.81,86.17,9.79,35.32,8.29,98.03,1.22,70.33,5.01,81.78,3.24,61,490,10,207,2,0.25,0.0625
71.23,5.02,22.39,5.70,84.66,6.76,34.88,6.22,97.84,1.02,70.02,5.89,81.47,3.68,58,489,11,210,2,0.25,0.125
73.31,4.82,31.11,4.25,81.45,6.84,44.79,4.33,96.17,1.72,72.09,5.62,82.29,3.83,82,481,19,186,2,0.25,0.25
74.48,4.02,40.62,7.81,75.30,4.60,52.14,6.31,93.04,1.28,74.34,5.78,82.50,3.21,107,465,35,161,2,0.25,0.5
72.79,2.92,37.13,7.23,71.44,7.08,48.14,5.97,92.05,2.27,73.17,4.95,81.39,2.58,99,460,40,169,2,0.25,1
71.22,2.58,48.80,5.44,61.69,10.83,53.77,5.67,83.70,4.80,75.26,4.48,79.03,1.98,130,417,83,138,2,0.25,2
68.10,2.15,48.30,4.70,55.85,10.16,50.99,4.03,79.37,5.20,74.02,4.70,76.32,1.64,128,395,105,140,2,0.25,4
73.97,4.69,32.43,5.94,83.43,6.21,46.31,5.55,96.62,1.28,72.54,5.77,82.73,3.60,85,483,17,183,2,0.5,0.03125
74.10,4.19,33.03,5.11,83.06,7.07,46.86,4.67,96.44,1.46,72.72,5.47,82.79,3.30,87,482,18,181,2,0.5,0.0625
75.14,4.53,38.55,7.62,80.80,6.00,51.55,6.62,95.28,1.31,74.12,6.01,83.21,3.41,101,476,24,167,2,0.5,0.125
75.92,3.73,41.35,2.99,80.43,5.30,54.43,2.04,94.56,1.91,74.88,4.97,83.50,3.31,110,473,27,158,2,0.5,0.25
74.87,3.20,46.08,9.58,71.85,5.78,55.33,7.76,90.43,2.97,75.79,5.08,82.31,2.62,123,452,48,145,2,0.5,0.5
72.92,3.16,40.40,5.20,68.16,7.71,50.64,5.86,90.19,1.34,73.86,4.27,81.15,2.78,109,451,49,159,2,0.5,1
70.97,0.83,54.77,5.41,59.72,8.06,56.39,2.61,80.28,4.00,76.65,4.94,78.18,1.04,145,400,100,123,2,0.5,2
66.66,3.37,55.31,10.93,53.49,9.16,52.93,5.35,73.96,7.95,75.55,6.35,74.11,2.81,145,367,133,123,2,0.5,4
76.57,3.47,46.55,3.59,77.26,4.41,57.97,3.04,92.77,1.24,76.23,4.80,83.62,3.07,124,464,36,144,2,1,0.03125
76.31,3.72,47.06,4.33,76.05,4.93,57.96,3.44,92.17,1.55,76.25,5.09,83.38,3.25,125,461,39,143,2,1,0.0625
76.31,4.19,51.01,8.37,73.60,3.72,59.73,5.24,90.42,1.29,77.19,6.19,83.13,3.40,134,452,48,134,2,1,0.125
76.96,3.32,51.53,2.81,74.94,5.45,60.87,1.17,90.77,2.21,77.51,4.87,83.54,3.12,137,454,46,131,2,1,0.25
74.48,2.94,52.05,11.89,68.61,7.43,57.76,7.15,87.18,4.67,77.14,6.16,81.55,2.42,137,435,65,131,2,1,0.5
71.23,2.05,40.99,7.95,62.75,8.47,49.16,7.13,87.24,2.39,73.55,4.23,79.69,2.11,111,436,64,157,2,1,1
69.79,1.99,61.17,8.31,56.58,6.96,58.03,3.63,74.97,4.71,78.11,5.56,76.25,2.22,162,374,126,106,2,1,2
67.44,3.81,63.75,5.66,53.85,9.74,57.42,5.46,70.36,7.19,78.27,4.66,73.64,2.91,169,349,151,99,2,1,4
77.09,3.68,55.40,6.32,72.94,2.94,62.63,2.99,89.20,0.48,78.50,5.79,83.40,3.20,146,446,54,122,2,2,0.03125
77.22,3.18,56.45,4.36,72.37,3.01,63.23,1.84,88.53,1.73,78.85,4.92,83.35,3.11,150,443,57,118,2,2,0.0625
75.01,3.50,61.24,10.52,66.06,5.44,62.63,3.42,83.33,3.22,79.64,7.25,81.17,3.14,160,416,84,108,2,2,0.125
76.70,3.47,60.02,8.41,70.58,8.09,63.95,2.51,86.23,4.71,79.72,6.13,82.65,3.49,158,431,69,110,2,2,0.25
70.71,2.21,55.82,10.81,60.36,9.58,56.31,4.01,79.23,8.75,77.08,5.41,77.61,3.29,148,395,105,120,2,2,0.5
69.15,2.25,39.99,8.16,58.71,6.80,46.75,5.65,84.85,4.27,72.57,4.91,78.03,2.53,107,424,76,161,2,2,1
67.84,2.53,59.41,7.73,53.90,7.07,55.83,4.16,73.01,4.12,76.86,5.92,74.62,2.27,157,364,136,111,2,2,2
66.53,1.43,62.51,5.78,52.05,7.50,56.15,4.03,69.31,4.27,77.42,4.82,72.87,0.57,166,345,155,102,2,2,4
75.92,4.27,64.38,8.06,66.31,2.36,64.97,3.10,82.40,4.07,80.68,6.22,81.44,4.42,170,413,87,98,2,4,0.03125
75.79,3.84,66.20,9.41,65.89,5.31,65.32,2.82,81.58,4.41,81.33,6.88,81.26,3.98,174,408,92,94,2,4,0.0625
74.36,4.02,67.72,8.70,62.66,4.70,64.56,3.27,78.60,3.23,81.41,7.02,79.81,3.91,178,393,107,90,2,4,0.125
75.13,3.17,57.10,11.11,68.75,8.74,60.92,4.18,84.28,9.22,78.86,4.28,81.12,4.49,154,423,77,114,2,4,0.25
67.84,2.96,36.58,6.46,59.19,14.70,43.67,6.15,84.88,7.30,71.43,4.17,77.29,2.91,98,423,77,170,2,4,0.5
67.59,3.79,41.13,6.66,54.07,4.82,46.55,5.56,81.15,4.28,72.08,4.32,76.31,3.97,112,407,93,156,2,4,1
68.88,2.07,64.57,7.34,54.71,5.21,58.71,2.76,71.64,3.44,78.77,5.86,74.85,2.64,171,358,142,97,2,4,2
66.01,5.42,62.48,8.15,52.69,10.05,55.88,5.93,69.12,10.08,77.44,4.90,72.26,5.13,165,342,158,103,2,4,4
75.92,5.29,63.41,5.64,66.75,6.08,64.79,4.13,82.79,5.33,80.33,6.19,81.48,5.27,168,415,85,100,2,8,0.03125
75.40,4.95,58.63,8.69,67.26,3.02,62.25,4.85,84.90,2.31,78.84,6.95,81.64,4.39,154,425,75,114,2,8,0.0625
72.27,3.08,58.13,12.34,62.40,7.13,58.67,3.33,80.54,8.29,78.30,6.87,78.80,3.78,153,402,98,115,2,8,0.125
71.23,5.20,40.60,10.53,64.71,4.33,48.96,7.12,88.11,3.90,73.20,6.96,79.79,4.51,106,441,59,162,2,8,0.25
66.66,4.95,39.45,21.87,49.61,15.42,41.85,19.13,80.44,9.88,72.35,5.39,75.61,4.54,110,402,98,158,2,8,0.5
68.11,4.88,43.26,6.82,56.16,4.57,48.33,3.43,80.52,8.41,72.57,4.39,76.23,5.79,118,405,95,150,2,8,1
65.88,3.33,71.55,5.67,50.67,6.76,59.00,5.32,62.78,5.56,80.46,3.95,70.36,3.89,192,314,186,76,2,8,2
65.49,3.69,66.48,8.77,51.22,8.34,56.88,5.05,65.91,7.69,78.63,5.38,71.10,3.39,176,327,173,92,2,8,4
73.71,3.69,47.76,16.30,70.28,8.75,54.23,9.20,88.90,5.49,76.04,7.90,81.44,2.42,123,443,57,145,2,16,0.03125
73.84,6.41,55.09,17.95,66.68,4.68,58.15,11.77,84.01,8.90,77.80,7.94,80.33,5.90,145,422,78,123,2,16,0.0625
71.36,4.52,54.32,11.64,62.02,10.82,56.23,6.45,81.53,7.56,76.81,7.06,78.59,3.79,142,406,94,126,2,16,0.125
70.06,6.16,25.65,6.68,69.41,14.28,37.14,8.70,94.20,2.60,70.15,6.34,80.27,4.53,67,471,29,201,2,16,0.25
66.41,2.64,43.72,12.33,54.05,12.71,46.50,7.80,78.28,10.31,72.59,3.63,74.82,4.15,119,391,109,149,2,16,0.5
65.88,3.09,47.64,7.04,51.02,8.48,48.91,6.35,74.98,7.03,72.93,3.28,73.81,4.41,130,376,124,138,2,16,1
66.53,4.26,64.52,5.72,51.66,7.92,57.01,6.04,67.35,7.47,78.04,3.50,72.09,5.07,174,337,163,94,2,16,2
64.71,2.45,64.81,9.29,49.61,6.90,55.57,5.52,65.21,4.09,77.53,6.01,70.55,1.89,172,325,175,96,2,16,4
67.85,3.57,12.56,6.27,76.95,16.36,20.58,9.80,97.46,1.73,67.58,4.75,79.68,2.81,34,487,13,234,4,0.0625,0.03125
68.63,3.57,14.22,5.50,82.05,15.35,23.35,8.37,97.89,1.77,68.06,4.86,80.15,2.77,38,489,11,230,4,0.0625,0.0625
69.41,4.38,16.89,8.14,85.02,12.93,26.63,11.86,97.91,1.87,68.71,5.54,80.57,3.09,44,489,11,224,4,0.0625,0.125
67.20,5.30,9.88,4.50,68.33,18.56,17.13,7.31,97.74,1.48,66.95,5.22,79.38,4.01,27,489,11,241,4,0.0625,0.25
69.28,4.27,17.79,2.88,75.04,11.01,28.63,4.18,96.77,1.58,68.69,4.88,80.26,3.48,48,484,16,220,4,0.0625,0.5
73.32,4.03,35.17,6.14,76.96,8.11,47.55,4.15,94.30,2.35,72.88,5.80,82.04,3.20,92,471,29,176,4,0.0625,1
72.15,4.73,41.59,8.25,66.52,5.90,50.57,6.26,89.03,2.21,73.79,6.41,80.52,3.75,109,445,55,159,4,0.0625,2
67.20,5.24,39.35,9.75,53.91,6.28,44.90,7.50,82.02,5.11,71.66,6.28,76.30,4.69,105,411,89,163,4,0.0625,4
69.15,3.41,16.27,6.42,80.83,14.96,26.07,9.78,97.46,1.73,68.52,4.66,80.34,2.73,44,487,13,224,4,0.125,0.03125
70.06,3.94,18.26,6.87,86.40,12.80,28.99,9.53,98.11,1.81,69.11,5.25,80.93,2.88,48,490,10,220,4,0.125,0.0625
70.72,4.90,21.04,9.39,85.72,9.93,32.10,12.97,97.64,1.60,69.73,5.79,81.19,3.49,55,488,12,213,4,0.125,0.125
70.33,5.22,19.76,4.03,84.21,10.84,31.55,4.83,97.53,2.28,69.29,5.61,80.91,4.08,52,488,12,216,4,0.125,0.25
71.62,3.64,27.80,3.58,75.09,3.82,40.36,3.63,94.92,1.70,71.01,4.56,81.18,3.25,75,475,25,193,4,0.125,0.5
73.71,3.10,40.93,6.35,72.07,6.66,51.64,4.29,91.71,1.78,74.18,5.35,81.86,2.56,108,458,42,160,4,0.125,1
71.75,4.40,45.97,5.79,63.68,4.57,52.96,3.38,85.98,3.13,74.53,6.05,79.70,3.83,121,430,70,147,4,0.125,2
67.97,3.78,45.37,10.22,54.85,4.73,48.97,6.15,79.80,5.69,73.33,5.62,76.21,4.05,122,400,100,146,4,0.125,4
69.81,6.26,19.95,12.23,82.89,9.85,29.58,15.89,97.29,1.92,69.32,6.96,80.70,4.12,50,486,14,218,4,0.25,0.03125
70.59,5.53,18.79,9.58,86.46,8.10,29.67,12.66,98.41,1.01,69.40,5.69,81.25,3.82,50,492,8,218,4,0.25,0.0625
69.67,4.36,16.23,3.79,85.50,8.70,26.92,5.10,98.43,0.95,68.63,5.16,80.75,3.33,43,492,8,225,4,0.25,0.125
73.32,3.74,32.18,3.85,78.91,2.96,45.50,3.62,95.35,1.21,72.32,4.81,82.17,3.19,86,477,23,182,4,0.25,0.25
74.35,3.66,39.30,4.41,75.83,5.09,51.47,3.22,93.43,0.99,74.00,5.28,82.47,3.08,104,467,33,164,4,0.25,0.5
74.10,4.12,47.61,12.29,69.63,4.97,55.34,7.26,89.09,2.81,75.79,6.97,81.65,3.27,124,445,55,144,4,0.25,1
70.97,3.20,52.09,5.82,59.70,4.16,55.28,2.63,81.38,2.42,75.79,5.60,78.36,3.14,138,407,93,130,4,0.25,2
66.67,4.22,52.22,9.72,52.22,4.53,51.69,4.94,74.13,6.97,74.45,6.10,74.02,4.98,140,372,128,128,4,0.25,4
72.14,4.07,26.40,5.21,82.27,9.57,39.45,5.57,96.82,1.97,70.97,5.20,81.78,3.27,70,484,16,198,4,0.5,0.03125
73.84,4.66,32.27,5.26,82.59,6.62,46.10,5.30,96.40,1.52,72.47,5.59,82.62,3.64,85,482,18,183,4,0.5,0.0625
74.36,3.90,33.39,6.25,84.88,8.06,47.22,5.33,96.64,1.93,72.88,5.38,82.96,3.11,88,483,17,180,4,0.5,0.125
76.18,3.60,47.16,5.71,75.66,3.32,57.80,3.85,91.66,2.75,76.26,4.71,83.19,3.36,126,459,41,142,4,0.5,0.25
74.48,2.83,45.80,4.66,70.74,5.18,55.30,3.17,90.03,1.26,75.49,4.88,82.01,2.63,122,450,50,146,4,0.5,0.5
72.14,3.31,50.24,7.84,63.00,6.06,55.24,4.36,84.54,1.94,75.79,6.23,79.72,2.78,132,422,78,136,4,0.5,1
67.84,2.95,54.89,9.24,54.15,6.25,53.75,4.80,75.32,4.58,75.67,6.41,75.18,2.86,145,376,124,123,4,0.5,2
65.89,4.49,61.01,11.85,51.45,4.89,54.93,3.92,68.57,9.51,76.83,7.41,71.86,6.11,162,344,156,106,4,0.5,4
76.31,4.18,45.19,5.09,77.94,2.81,56.99,4.02,93.12,1.70,75.81,5.30,83.50,3.60,120,466,34,148,4,1,0.03125
76.57,4.03,48.32,5.20,76.21,4.63,58.88,3.72,91.95,1.98,76.60,5.39,83.49,3.51,128,460,40,140,4,1,0.0625
76.96,4.20,49.88,4.65,76.31,3.18,60.17,3.20,91.72,1.72,77.04,5.43,83.67,3.65,132,459,41,136,4,1,0.125
75.27,3.83,57.34,2.44,67.33,5.19,61.74,1.50,84.81,4.45,78.47,4.87,81.47,4.18,153,425,75,115,4,1,0.25
73.97,3.10,52.07,10.04,67.45,5.93,57.66,3.51,86.56,3.49,76.84,6.67,81.13,2.75,136,432,68,132,4,1,0.5
69.67,2.28,48.26,11.16,59.73,7.74,51.69,3.94,82.40,5.78,74.68,6.91,77.86,1.78,125,410,90,143,4,1,1
66.54,4.17,64.01,4.61,51.81,4.77,56.99,2.31,68.06,5.52,77.46,5.76,72.33,4.84,170,341,159,98,4,1,2
65.23,2.89,67.24,9.46,49.93,6.02,56.91,5.52,63.83,7.19,78.89,5.62,70.16,4.60,181,320,180,87,4,1,4
76.05,4.43,55.35,8.65,70.38,2.81,61.50,4.47,87.78,0.93,78.14,6.65,82.54,3.77,145,439,61,123,4,2,0.03125
76.83,3.58,57.54,8.24,70.92,3.34,63.10,4.40,87.57,1.60,79.05,5.76,82.98,3.18,152,438,62,116,4,2,0.0625
76.05,3.90,58.67,8.59,68.88,3.68,62.82,3.50,86.00,1.98,79.09,6.54,82.25,3.52,154,430,70,114,4,2,0.125
72.53,2.71,70.98,6.70,58.90,5.62,63.96,3.70,73.53,4.74,82.30,5.12,77.52,3.53,189,368,132,79,4,2,0.25
69.93,3.23,53.94,10.80,58.59,7.39,54.89,4.15,79.46,5.60,76.15,7.07,77.35,2.94,141,396,104,127,4,2,0.5
67.32,4.22,52.54,13.07,53.83,5.11,52.06,5.12,76.35,4.50,74.73,8.42,75.14,3.76,136,381,119,132,4,2,1
64.32,6.10,67.30,8.33,50.50,8.45,56.66,3.17,63.28,12.18,77.87,6.53,69.06,7.99,178,316,184,90,4,2,2
65.37,3.70,67.38,8.70,50.23,5.23,57.18,4.26,63.67,9.70,78.89,4.43,69.92,6.48,182,320,180,86,4,2,4
74.36,3.73,64.41,9.48,63.68,4.15,63.36,2.13,80.04,5.67,80.32,6.44,79.99,4.45,170,401,99,98,4,4,0.03125
74.61,1.97,67.94,9.88,63.63,7.06,64.65,1.55,78.96,5.77,81.84,6.35,80.03,2.68,179,394,106,89,4,4,0.0625
76.18,3.22,65.81,12.23,66.40,3.51,65.19,5.26,81.86,5.29,81.82,6.53,81.54,3.33,175,410,90,93,4,4,0.125
72.78,2.51,73.07,13.97,59.22,8.18,64.30,6.46,71.63,10.36,84.86,5.10,76.96,4.28,199,360,140,69,4,4,0.25
67.71,3.28,34.96,3.31,56.77,12.54,42.87,5.83,85.37,4.32,71.01,4.43,77.38,2.88,94,426,74,174,4,4,0.5
65.23,3.59,55.75,8.96,50.10,5.51,52.26,5.09,70.87,1.65,74.75,7.05,72.56,3.14,147,354,146,121,4,4,1
64.45,6.45,68.66,7.29,50.22,6.66,57.36,3.00,62.11,12.32,78.39,6.19,68.59,8.87,183,312,188,85,4,4,2
64.46,3.34,67.97,7.24,49.15,5.67,56.74,4.88,62.47,6.17,78.37,4.97,69.32,4.75,182,313,187,86,4,4,4
73.97,4.20,65.51,3.53,62.15,6.05,63.59,3.66,78.39,5.67,80.57,4.95,79.41,4.87,175,393,107,93,4,8,0.03125
74.87,3.19,64.29,10.69,64.85,5.63,63.65,2.71,81.56,3.53,80.55,7.40,80.76,3.02,168,407,93,100,4,8,0.0625
70.44,1.96,50.75,9.01,60.07,10.83,53.85,5.10,81.11,7.05,75.62,4.63,77.93,2.78,136,405,95,132,4,8,0.125
67.71,3.27,56.01,12.75,54.83,7.74,53.84,5.41,73.64,11.73,76.18,4.29,74.20,5.83,151,369,131,117,4,8,0.25
64.32,2.31,35.84,14.56,45.70,12.81,39.66,13.51,78.70,4.66,70.16,3.73,74.03,2.59,100,394,106,168,4,8,0.5
64.72,4.66,55.12,4.90,50.17,6.51,51.96,2.15,70.09,7.07,74.05,6.62,71.82,5.51,146,351,149,122,4,8,1
59.89,7.22,70.57,7.08,45.95,7.62,55.00,5.01,53.77,14.68,76.97,4.09,62.29,11.34,190,270,230,78,4,8,2
63.41,3.49,70.42,5.78,48.33,6.33,56.98,4.90,59.16,8.72,79.01,2.93,67.30,6.09,190,297,203,78,4,8,4
69.93,4.81,44.62,18.78,62.18,7.32,48.68,10.33,85.10,7.74,74.19,8.99,78.52,3.66,113,424,76,155,4,16,0.03125
71.62,4.27,56.81,17.85,60.73,3.11,56.49,10.90,79.78,8.17,77.77,7.30,78.26,4.44,150,400,100,118,4,16,0.0625
70.70,4.61,47.78,7.08,62.64,14.77,52.87,6.99,83.88,7.66,74.88,5.40,78.72,3.47,126,417,83,142,4,16,0.125
65.11,6.69,36.51,9.30,54.90,17.16,41.71,4.73,79.57,13.40,69.95,4.72,74.04,7.86,100,400,100,168,4,16,0.25
64.99,5.02,39.52,7.98,51.01,9.97,43.62,5.18,78.25,10.02,70.68,4.59,73.96,6.01,107,392,108,161,4,16,0.5
57.40,9.49,56.27,4.96,43.99,11.18,48.21,6.67,58.35,15.38,70.37,7.57,63.04,11.22,150,291,209,118,4,16,1
62.23,7.84,68.10,8.98,47.74,8.80,55.60,7.07,58.53,13.91,77.43,5.54,65.80,10.70,184,294,206,84,4,16,2
63.68,5.57,70.12,5.69,48.92,6.47,57.23,4.34,59.66,11.86,78.71,3.81,67.25,9.07,189,300,200,79,4,16,4
68.63,3.69,13.77,8.16,80.48,13.95,22.28,12.02,97.80,1.61,68.01,4.52,80.13,2.87,38,489,11,230,8,0.0625,0.03125
67.72,4.18,11.87,4.22,76.67,14.12,19.99,6.66,97.61,1.30,67.40,4.95,79.63,3.30,32,488,12,236,8,0.0625,0.0625
70.45,3.52,20.16,9.58,82.41,14.02,30.81,13.49,97.24,1.88,69.57,4.52,80.99,2.62,55,486,14,213,8,0.0625,0.125
69.67,4.75,21.66,7.12,74.44,9.71,32.55,7.99,95.63,3.15,69.45,5.58,80.29,3.58,57,478,22,211,8,0.0625,0.25
70.97,4.19,24.18,4.17,76.70,5.38,36.53,4.72,96.22,0.52,70.22,5.21,81.07,3.26,64,481,19,204,8,0.0625,0.5
73.06,3.83,33.94,4.24,75.68,8.19,46.53,4.11,94.26,1.62,72.60,5.24,81.89,3.14,90,471,29,178,8,0.0625,1
70.97,4.24,40.92,6.54,62.75,4.13,49.23,5.51,87.07,2.75,73.21,5.48,79.46,3.84,109,436,64,159,8,0.0625,2
67.20,5.24,40.38,9.60,53.99,6.19,45.55,7.23,81.67,4.89,71.86,6.54,76.25,4.61,107,409,91,161,8,0.0625,4
69.67,3.15,16.66,7.17,82.32,13.78,26.81,10.19,97.82,1.41,68.76,4.18,80.66,2.58,46,489,11,222,8,0.125,0.03125
68.63,3.91,14.70,3.20,77.53,14.31,24.38,4.66,97.39,1.52,68.07,4.70,80.04,3.26,40,487,13,228,8,0.125,0.0625
71.36,3.81,23.80,9.68,83.27,11.34,35.29,12.90,96.82,2.07,70.41,4.91,81.39,2.88,64,484,16,204,8,0.125,0.125
70.58,4.43,28.56,5.40,69.34,5.21,40.10,5.03,93.42,0.95,70.78,5.68,80.41,3.48,75,467,33,193,8,0.125,0.25
72.92,3.01,35.24,4.56,73.79,6.66,47.25,3.16,93.21,2.24,72.78,4.76,81.63,2.83,94,466,34,174,8,0.125,0.5
73.57,2.75,40.62,6.39,71.76,10.63,51.22,6.04,91.61,2.89,74.18,4.92,81.80,2.13,108,457,43,160,8,0.125,1
70.05,3.43,42.78,6.15,59.61,5.70,49.50,5.09,84.78,1.51,73.35,5.39,78.55,3.19,114,424,76,154,8,0.125,2
67.84,3.61,48.96,11.17,54.83,4.77,50.65,5.65,78.40,5.29,74.12,6.75,75.88,3.57,129,392,108,139,8,0.125,4
70.98,4.97,21.93,9.83,86.14,11.00,33.16,12.95,97.71,1.79,69.99,5.95,81.35,3.39,57,488,12,211,8,0.25,0.03125
69.80,5.56,17.35,10.20,85.55,12.03,27.09,13.72,97.73,2.45,68.93,5.45,80.71,3.96,47,489,11,221,8,0.25,0.0625
70.19,3.31,17.65,7.84,83.33,11.49,28.31,10.04,97.99,1.28,69.08,4.08,80.96,2.61,49,490,10,219,8,0.25,0.125
73.70,2.76,44.66,5.48,69.09,5.25,53.86,3.79,89.41,1.78,74.97,4.81,81.46,2.63,119,447,53,149,8,0.25,0.25
73.83,0.72,42.56,4.00,70.99,10.53,52.71,4.19,90.81,3.00,74.67,3.86,81.81,0.99,114,453,47,154,8,0.25,0.5
73.05,2.49,47.13,6.46,67.10,9.07,54.52,3.04,87.64,3.75,75.38,5.54,80.81,2.17,124,437,63,144,8,0.25,1
67.19,3.94,48.84,7.53,52.94,3.83,50.50,5.01,77.04,3.26,73.60,6.17,75.19,4.16,130,386,114,138,8,0.25,2
66.54,4.06,55.29,10.53,52.26,4.46,52.94,4.33,72.90,6.38,75.20,7.12,73.69,4.56,146,365,135,122,8,0.25,4
73.44,4.10,31.64,6.32,80.73,5.01,44.99,6.46,95.69,2.39,72.27,4.78,82.28,3.46,85,479,21,183,8,0.5,0.03125
74.35,4.12,34.09,6.09,81.01,2.41,47.76,6.31,95.73,0.99,73.06,4.76,82.80,3.39,92,479,21,176,8,0.5,0.0625
75.27,3.71,39.23,7.94,80.61,5.87,51.97,6.74,94.49,3.16,74.33,4.80,83.11,3.26,105,473,27,163,8,0.5,0.125
74.48,2.82,56.54,5.72,65.52,5.12,60.39,3.67,84.17,2.96,78.19,4.57,80.98,2.82,151,421,79,117,8,0.5,0.25
73.70,0.92,52.20,5.40,65.97,10.22,57.56,5.00,85.43,4.62,76.97,3.45,80.79,1.03,140,426,74,128,8,0.5,0.5
72.28,5.20,52.94,10.29,62.25,6.31,56.56,7.33,83.23,2.88,76.56,7.26,79.54,4.19,139,416,84,129,8,0.5,1
63.94,1.11,52.43,3.86,48.50,6.04,49.99,3.16,70.26,3.47,73.29,4.75,71.59,2.34,140,351,149,128,8,0.5,2
65.37,4.04,62.04,12.50,50.97,5.58,54.88,3.94,67.52,9.37,77.04,7.68,71.29,5.58,164,338,162,104,8,0.5,4
76.17,3.94,47.52,6.75,74.69,4.87,57.89,6.14,91.52,1.73,76.38,4.82,83.21,3.27,127,458,42,141,8,1,0.03125
75.40,4.20,46.43,5.45,73.27,1.28,56.69,4.49,90.86,2.02,75.84,5.10,82.62,3.70,124,455,45,144,8,1,0.0625
76.57,4.38,53.20,3.97,72.88,3.10,61.38,2.68,88.94,4.12,77.74,4.86,82.93,4.25,142,446,54,126,8,1,0.125
72.80,4.29,68.46,4.39,59.90,5.14,63.64,2.68,75.26,5.43,81.21,5.33,78.01,4.61,182,377,123,86,8,1,0.25
72.92,2.51,57.34,6.65,63.94,11.46,59.23,3.79,81.99,7.08,78.09,4.53,79.62,2.27,152,408,92,116,8,1,0.5
68.37,4.05,55.26,11.96,55.75,7.91,54.11,6.26,76.27,8.05,76.13,6.93,75.61,4.03,145,380,120,123,8,1,1
65.36,2.40,63.99,7.49,49.98,5.08,55.82,4.74,66.10,3.13,77.36,5.41,71.17,2.96,171,331,169,97,8,1,2
64.19,3.12,68.26,8.76,49.14,7.41,56.60,6.06,62.07,6.70,78.89,5.61,69.05,3.75,183,310,190,85,8,1,4
76.96,2.84,62.09,7.82,69.13,3.68,64.97,2.84,85.41,1.25,80.41,5.70,82.72,2.74,164,427,73,104,8,2,0.03125
75.53,3.96,59.51,3.94,66.93,1.41,62.91,2.05,83.93,4.03,79.18,4.68,81.46,4.11,159,421,79,109,8,2,0.0625
76.57,3.91,64.43,5.45,67.73,4.99,65.67,1.35,83.20,5.02,80.93,5.35,81.96,4.34,171,417,83,97,8,2,0.125
71.37,4.36,81.80,6.38,56.52,5.50,66.43,3.00,66.12,7.20,86.56,6.03,74.68,5.63,217,331,169,51,8,2,0.25
68.23,4.58,58.52,7.46,55.73,10.61,55.92,5.72,74.19,8.65,76.83,5.29,75.01,4.25,155,369,131,113,8,2,0.5
66.54,4.38,57.55,14.30,51.92,4.59,53.56,6.95,72.05,5.99,76.23,8.53,73.54,3.97,151,360,140,117,8,2,1
59.88,4.18,64.54,5.21,45.43,7.20,52.62,4.26,58.14,7.07,75.15,5.58,65.11,4.31,171,289,211,97,8,2,2
64.58,3.00,68.91,7.70,49.55,6.20,57.18,4.26,62.09,8.52,79.14,4.73,69.08,5.50,185,311,189,83,8,2,4
74.48,1.89,73.37,8.55,61.91,6.87,66.33,2.38,75.44,6.98,83.99,5.02,79.13,3.28,195,377,123,73,8,4,0.03125
74.10,4.17,71.50,5.87,61.29,3.05,65.73,1.52,75.18,7.77,82.78,4.81,78.62,5.80,191,378,122,77,8,4,0.0625
74.09,3.93,68.46,7.96,62.42,5.30,64.64,1.75,76.54,8.92,81.96,4.02,78.88,5.35,184,385,115,84,8,4,0.125
68.23,3.42,83.48,5.48,52.46,6.80,64.29,6.42,59.70,4.78,87.36,3.28,70.83,3.98,225,299,201,43,8,4,0.25
65.37,4.97,47.59,2.17,51.83,12.68,48.94,7.45,75.22,7.78,72.78,3.35,73.70,4.02,128,374,126,140,8,4,0.5
62.38,5.08,59.82,8.66,47.39,5.35,52.22,3.49,63.92,9.89,74.65,6.29,68.31,6.94,159,320,180,109,8,4,1
58.85,3.20,69.58,5.52,44.31,4.67,53.79,3.19,52.93,8.12,76.08,5.84,62.13,6.65,186,266,234,82,8,4,2
62.50,3.57,67.97,7.24,47.58,7.94,55.40,6.32,59.84,6.61,77.85,4.04,67.31,3.65,182,298,202,86,8,4,4
74.48,2.32,77.35,7.21,60.91,6.77,67.54,3.28,72.88,8.04,85.90,3.85,78.46,4.24,207,365,135,61,8,8,0.03125
74.23,7.05,68.67,3.26,62.78,5.82,65.53,4.40,76.79,8.46,81.35,6.19,78.97,7.29,183,387,113,85,8,8,0.0625
70.06,2.99,56.23,14.55,57.33,4.73,55.59,7.03,76.29,10.24,77.37,4.00,76.32,4.96,154,384,116,114,8,8,0.125
62.25,5.80,72.30,12.43,48.67,9.09,56.71,5.39,57.23,14.44,80.11,5.99,65.34,8.61,193,285,215,75,8,8,0.25
63.02,2.96,49.18,12.45,46.48,10.97,47.37,10.54,69.81,5.86,72.53,3.99,70.92,3.10,135,349,151,133,8,8,0.5
62.25,4.12,59.88,6.70,46.56,2.99,52.22,3.34,62.97,7.32,74.44,6.05,68.05,6.12,161,317,183,107,8,8,1
53.90,2.97,73.93,6.51,40.81,5.77,52.41,6.05,42.79,4.88,75.54,5.53,54.49,4.97,199,215,285,69,8,8,2
63.28,3.50,72.98,6.36,48.55,5.97,57.77,3.54,58.11,8.60,79.91,4.67,66.86,5.83,195,291,209,73,8,8,4
69.53,3.09,55.12,17.05,60.54,11.19,54.28,6.46,78.89,12.01,77.01,7.36,76.76,3.49,143,391,109,125,8,16,0.03125
67.97,8.36,59.24,15.87,55.59,7.73,55.87,8.94,71.55,15.68,77.12,6.55,73.25,9.78,160,362,138,108,8,16,0.0625
70.18,2.07,54.78,7.17,57.29,6.88,55.67,5.28,77.74,6.60,76.48,2.80,76.96,3.90,149,390,110,119,8,16,0.125
60.68,4.22,54.91,13.92,46.08,9.07,48.40,6.46,64.06,14.01,73.06,4.82,67.08,7.57,147,319,181,121,8,16,0.25
61.99,6.28,51.38,3.31,48.50,12.75,48.60,5.43,68.13,11.30,72.09,4.52,69.54,6.21,137,339,161,131,8,16,0.5
56.25,3.81,62.76,7.53,41.50,6.29,49.66,5.66,52.41,7.63,72.51,5.96,60.53,6.07,169,263,237,99,8,16,1
57.16,4.39,72.52,8.04,43.07,6.73,53.78,6.46,48.00,10.54,77.02,2.56,58.56,8.14,197,242,258,71,8,16,2
63.28,5.41,71.14,4.93,48.68,6.79,57.33,4.16,58.78,11.40,78.93,4.16,66.77,8.70,191,295,205,77,8,16,4
67.32,3.35,17.54,7.28,67.76,13.78,26.12,6.58,94.62,4.27,68.12,5.63,78.94,2.66,45,472,28,223,16,0.0625,0.03125
69.80,5.61,21.39,6.07,75.77,9.96,32.75,6.40,96.20,1.90,69.38,6.28,80.46,4.17,55,481,19,213,16,0.0625,0.0625
69.81,4.97,22.10,9.94,70.39,9.71,32.52,12.85,95.67,1.60,69.63,5.88,80.42,3.49,58,478,22,210,16,0.0625,0.125
71.11,5.95,24.99,8.26,78.96,5.65,36.97,9.72,96.17,2.74,70.42,6.25,81.13,4.28,65,481,19,203,16,0.0625,0.25
71.23,5.70,29.20,5.79,73.70,11.96,41.29,5.88,94.18,2.90,71.08,6.33,80.86,4.39,76,471,29,192,16,0.0625,0.5
71.11,4.81,32.02,4.30,68.72,6.51,43.46,4.40,92.12,2.47,71.53,5.61,80.43,4.07,85,461,39,183,16,0.0625,1
71.75,4.21,44.23,4.12,64.33,6.32,52.05,2.14,86.74,3.44,74.12,5.79,79.83,3.99,117,434,66,151,16,0.0625,2
67.20,5.24,40.38,9.60,53.99,6.19,45.55,7.23,81.67,4.89,71.86,6.54,76.25,4.61,107,409,91,161,16,0.0625,4
68.36,2.82,21.42,9.48,70.90,13.70,30.57,7.95,94.27,4.92,69.09,5.76,79.41,2.26,55,470,30,213,16,0.125,0.03125
70.58,4.68,25.36,5.69,73.95,6.95,37.19,5.27,95.25,1.55,70.28,5.90,80.72,3.59,66,476,24,202,16,0.125,0.0625
72.28,4.35,30.83,9.79,76.05,7.28,42.65,10.27,94.88,1.95,71.85,5.83,81.59,3.16,81,474,26,187,16,0.125,0.125
72.28,5.36,30.75,6.24,76.12,3.05,43.41,6.16,95.00,0.53,71.70,6.25,81.57,4.03,80,475,25,188,16,0.125,0.25
72.92,4.22,41.35,7.79,68.97,5.55,51.15,5.79,90.19,2.26,73.96,5.92,81.14,3.57,109,451,49,159,16,0.125,0.5
71.36,4.42,38.52,4.54,65.47,7.24,48.22,4.27,89.18,2.46,72.85,5.70,80.08,3.83,102,446,54,166,16,0.125,1
70.05,5.80,49.51,8.32,59.32,10.40,53.24,6.95,81.71,5.52,74.85,7.15,77.90,4.93,130,408,92,138,16,0.125,2
67.84,3.61,48.96,11.17,54.83,4.77,50.65,5.65,78.40,5.29,74.12,6.75,75.88,3.57,129,392,108,139,16,0.125,4
69.80,4.99,26.30,14.45,76.08,12.74,35.36,12.73,94.55,5.24,70.46,7.52,80.25,3.17,65,471,29,203,16,0.25,0.03125
71.50,5.23,25.53,5.90,80.28,6.46,38.11,7.07,96.40,2.03,70.62,5.76,81.37,3.85,67,482,18,201,16,0.25,0.0625
71.11,4.60,25.60,5.00,76.44,4.33,37.92,4.91,95.83,0.96,70.49,5.70,81.08,3.53,67,479,21,201,16,0.25,0.125
74.23,4.36,44.07,5.43,71.72,2.96,54.27,3.45,90.48,2.75,74.92,5.50,81.88,3.85,117,453,47,151,16,0.25,0.25
73.05,3.48,50.69,6.68,64.67,4.52,56.41,3.70,85.39,1.95,76.11,5.79,80.36,3.29,134,427,73,134,16,0.25,0.5
72.40,2.27,47.82,3.34,64.32,8.05,54.43,2.63,85.62,3.67,75.28,4.28,80.01,2.70,128,428,72,140,16,0.25,1
68.36,3.60,55.28,5.08,55.01,8.30,54.63,5.05,75.75,4.54,75.81,5.53,75.60,3.40,147,378,122,121,16,0.25,2
66.54,4.06,55.29,10.53,52.26,4.46,52.94,4.33,72.90,6.38,75.20,7.12,73.69,4.56,146,365,135,122,16,0.25,4
73.31,4.08,37.66,13.49,75.53,8.05,48.18,9.63,93.41,3.53,73.52,7.04,81.94,2.91,97,466,34,171,16,0.5,0.03125
74.10,3.58,36.89,6.12,78.05,6.54,49.45,4.30,94.21,2.59,73.49,5.16,82.44,3.06,98,471,29,170,16,0.5,0.0625
76.05,4.42,46.25,7.62,76.73,4.23,57.14,4.86,92.64,1.24,75.97,6.30,83.32,3.54,121,463,37,147,16,0.5,0.125
74.75,4.95,56.12,7.66,67.28,4.38,60.67,4.28,84.74,5.38,77.96,5.93,81.10,4.83,149,425,75,119,16,0.5,0.25
73.19,3.70,64.96,6.46,61.00,3.99,62.63,2.84,77.90,3.18,80.12,5.78,78.91,3.81,172,390,110,96,16,0.5,0.5
69.53,2.13,50.18,4.90,56.67,9.53,53.07,6.82,79.67,2.62,75.02,3.25,77.22,2.05,136,398,102,132,16,0.5,1
66.41,3.48,60.89,4.27,51.98,7.82,55.56,4.92,69.79,4.84,76.73,5.37,72.89,3.33,162,348,152,106,16,0.5,2
65.37,4.04,62.04,12.50,50.97,5.58,54.88,3.94,67.52,9.37,77.04,7.68,71.29,5.58,164,338,162,104,16,0.5,4
75.26,2.67,54.35,13.53,70.48,7.50,59.50,5.83,87.38,5.07,77.97,7.01,82.03,2.50,142,436,64,126,16,1,0.03125
76.83,4.18,53.44,6.89,73.35,1.46,61.52,4.46,89.44,2.90,77.94,5.39,83.22,3.81,142,448,52,126,16,1,0.0625
75.01,2.89,58.79,9.11,67.07,6.53,61.71,2.26,84.58,3.96,78.95,6.51,81.39,2.71,154,422,78,114,16,1,0.125
71.24,6.02,64.84,7.02,59.03,6.61,61.18,2.70,74.63,9.11,79.25,6.59,76.66,6.86,172,375,125,96,16,1,0.25
68.11,3.09,68.64,7.40,53.44,3.84,59.69,1.89,68.38,2.40,79.73,6.97,73.49,3.57,181,342,158,87,16,1,0.5
66.93,4.79,52.92,10.63,53.10,12.62,52.22,10.03,74.54,6.97,75.07,4.68,74.48,3.43,143,371,129,125,16,1,1
65.11,2.00,68.19,7.03,49.90,6.22,57.21,5.13,63.67,3.43,78.87,5.21,70.28,2.13,182,318,182,86,16,1,2
64.19,3.12,68.26,8.76,49.14,7.41,56.60,6.06,62.07,6.70,78.89,5.61,69.05,3.75,183,310,190,85,16,1,4
72.13,4.63,66.74,14.73,62.39,11.10,62.00,3.02,76.76,12.60,81.46,7.93,77.70,5.23,174,380,120,94,16,2,0.03125
75.92,4.64,65.53,7.29,66.08,3.20,65.49,3.30,81.48,5.90,81.08,5.56,81.18,4.98,174,409,91,94,16,2,0.0625
71.88,3.92,70.46,14.85,59.57,7.76,62.93,4.39,74.27,7.80,82.32,9.33,77.29,3.56,183,369,131,85,16,2,0.125
69.81,5.52,75.16,12.48,56.05,5.65,63.19,2.53,67.35,10.71,82.90,8.17,73.75,7.41,198,338,162,70,16,2,0.25
63.80,2.35,73.20,5.41,48.74,3.88,58.20,1.58,59.11,3.01,79.91,6.69,67.85,3.69,194,296,204,74,16,2,0.5
63.93,5.36,54.52,10.50,48.33,8.61,50.79,8.63,69.01,5.45,74.00,6.89,71.22,4.92,146,345,155,122,16,2,1
63.27,4.14,68.47,6.75,48.77,7.40,56.21,4.87,61.40,6.30,78.24,6.17,68.35,3.70,181,305,195,87,16,2,2
64.58,3.00,68.91,7.70,49.55,6.20,57.18,4.26,62.09,8.52,79.14,4.73,69.08,5.50,185,311,189,83,16,2,4
65.99,12.84,77.99,17.86,55.40,13.18,61.59,8.77,61.11,23.55,86.98,8.78,67.27,17.61,207,300,200,61,16,4,0.03125
72.14,2.03,78.60,10.82,57.80,5.31,65.80,2.74,68.54,9.29,86.14,5.42,75.72,4.95,210,344,156,58,16,4,0.0625
71.09,5.37,79.73,10.26,57.43,9.12,65.53,5.31,67.81,9.73,86.15,7.15,75.00,5.40,210,336,164,58,16,4,0.125
64.33,5.15,73.11,3.20,49.65,6.67,58.73,4.07,59.28,10.54,79.94,5.08,67.71,8.20,196,298,202,72,16,4,0.25
59.64,2.67,61.62,8.20,44.19,4.21,51.07,4.19,58.99,1.10,74.05,7.43,65.47,2.92,163,295,205,105,16,4,0.5
62.63,1.21,59.45,7.31,46.74,6.74,52.12,6.16,63.90,4.56,74.90,3.68,68.82,3.03,161,320,180,107,16,4,1
63.16,4.02,69.42,6.68,47.90,6.86,56.43,6.44,59.76,4.16,78.41,6.18,67.74,4.34,186,299,201,82,16,4,2
62.50,3.57,67.97,7.24,47.58,7.94,55.40,6.32,59.84,6.61,77.85,4.04,67.31,3.65,182,298,202,86,16,4,4
59.49,17.06,80.74,14.53,50.78,14.00,59.28,8.67,49.36,30.70,84.09,9.42,55.05,27.79,214,243,257,54,16,8,0.03125
69.67,5.32,74.98,6.54,55.25,4.04,63.25,1.51,66.46,10.58,82.64,5.55,73.30,8.10,200,335,165,68,16,8,0.0625
68.36,4.77,72.56,10.43,54.56,10.00,61.03,6.99,66.56,10.29,82.35,4.56,72.90,4.86,194,331,169,74,16,8,0.125
59.52,7.10,67.75,13.02,47.17,10.32,53.45,3.10,55.22,16.69,75.99,8.21,62.65,10.20,180,277,223,88,16,8,0.25
55.20,3.87,59.54,14.69,39.49,8.48,47.24,10.14,51.63,9.14,71.37,4.71,59.46,6.60,164,260,240,104,16,8,0.5
61.46,4.39,55.61,10.24,45.25,10.70,49.75,10.42,63.70,6.41,73.28,2.57,68.06,4.59,153,319,181,115,16,8,1
61.32,3.82,77.07,2.36,46.76,6.95,57.88,6.02,52.86,5.67,81.14,2.61,63.82,4.28,207,264,236,61,16,8,2
63.28,3.50,72.98,6.36,48.55,5.97,57.77,3.54,58.11,8.60,79.91,4.67,66.86,5.83,195,291,209,73,16,8,4
59.61,16.32,63.65,20.88,51.50,13.54,52.23,8.29,60.26,30.08,75.81,5.66,60.47,26.83,165,293,207,103,16,16,0.03125
65.10,10.32,71.35,19.20,52.81,8.69,58.13,8.73,60.99,21.46,80.58,9.02,67.11,14.79,191,309,191,77,16,16,0.0625
64.44,11.30,67.94,8.26,53.75,14.97,57.65,8.38,64.11,19.05,78.51,3.51,68.68,12.60,180,315,185,88,16,16,0.125
58.61,8.05,53.22,12.62,43.29,7.06,46.73,6.55,61.08,13.22,70.65,9.96,64.97,10.03,142,308,192,126,16,16,0.25
51.04,4.81,64.69,7.23,38.30,5.66,47.64,4.08,43.72,10.46,69.38,6.53,52.97,8.78,173,219,281,95,16,16,0.5
57.67,3.86,59.71,10.00,41.89,9.61,49.18,10.09,55.74,3.34,72.73,2.17,63.10,2.93,164,279,221,104,16,16,1
62.23,3.31,72.12,6.14,47.47,7.52,56.75,5.96,56.83,7.49,79.42,2.98,65.90,4.35,194,284,216,74,16,16,2
63.28,5.41,71.14,4.93,48.68,6.79,57.33,4.16,58.78,11.40,78.93,4.16,66.77,8.70,191,295,205,77,16,16,4
